PID,DN,DP,TN,RL,_id,uploadUrl,expiryInSeconds,type,boltLocation,cacheKey
"(PID, com.snapchat.android)","(DN, main.db)","(DP, /home/kali/Desktop/RA/Heisenberg Android/Dump/data/data/com.snapchat.android/databases/main.db)","(TN, UploadLocation)","(RL, 1)","(_id, 26)","(uploadUrl, https://cf-st.sc-cdn.net/d/s9COSmaMU6PDm0O0uoc3e?x-amz-acl=public-read&X-Amz-Algorithm=AWS4-HMAC-SHA256&X-Amz-Date=20210517T160628Z&X-Amz-SignedHeaders=host&X-Amz-Expires=273599&X-Amz-Credential=AKIAJBPROEJKTMKCHJTA%2F20210517%2Fus-east-1%2Fs3%2Faws4_request&X-Amz-Signature=f644f2457f62d9d3e274a9593f4400eebdcf0c3223a93ff81c9e58b6b139b946)","(expiryInSeconds, 1621541188)","(type, BOLT_DIRECT)","(boltLocation, CtMCaHR0cHM6Ly9jZi1zdC5zYy1jZG4ubmV0L2QvczlDT1NtYU1VNlBEbTBPMHVvYzNlP3gtYW16LWFjbD1wdWJsaWMtcmVhZCZYLUFtei1BbGdvcml0aG09QVdTNC1ITUFDLVNIQTI1NiZYLUFtei1EYXRlPTIwMjEwNTE3VDE2MDYyOFomWC1BbXotU2lnbmVkSGVhZGVycz1ob3N0JlgtQW16LUV4cGlyZXM9MjczNTk5JlgtQW16LUNyZWRlbnRpYWw9QUtJQUpCUFJPRUpLVE1LQ0hKVEElMkYyMDIxMDUxNyUyRnVzLWVhc3QtMSUyRnMzJTJGYXdzNF9yZXF1ZXN0JlgtQW16LVNpZ25hdHVyZT1mNjQ0ZjI0NTdmNjJkOWQzZTI3NGE5NTkzZjQ0MDBlZWJkY2YwYzMyMjNhOTNmZjgxYzllNThiNmIxMzliOTQ2EgYIxIKbhQYaBAiAowUiqQESXGh0dHBzOi8vY2Ytc3Quc2MtY2RuLm5ldC9kL3M5Q09TbWFNVTZQRG0wTzB1b2MzZT9ibz1FaFVhQUJvQUlnWUl4S1dnaFFZeUFRUklBVkFMWUFFJTNEJnVjPTExGkcKF3M5Q09TbWFNVTZQRG0wTzB1b2MzZV8xEiwSFXM5Q09TbWFNVTZQRG0wTzB1b2MzZRoAGgAiBgjEpaCFBjIBBEgBUAtgASgB)","(cacheKey, CAQgTA==)"
"(PID, com.snapchat.android)","(DN, main.db)","(DP, /home/kali/Desktop/RA/Heisenberg Android/Dump/data/data/com.snapchat.android/databases/main.db)","(TN, UploadLocation)","(RL, 2)","(_id, 27)","(uploadUrl, https://cf-st.sc-cdn.net/d/a05ybbJSvjLMwWbajFLHT?x-amz-acl=public-read&X-Amz-Algorithm=AWS4-HMAC-SHA256&X-Amz-Date=20210517T160628Z&X-Amz-SignedHeaders=host&X-Amz-Expires=273599&X-Amz-Credential=AKIAJBPROEJKTMKCHJTA%2F20210517%2Fus-east-1%2Fs3%2Faws4_request&X-Amz-Signature=28154a3b0d51b6d040ee857a1310fd2114695a3fef4e7085ff49e18651bdf656)","(expiryInSeconds, 1621541188)","(type, BOLT_DIRECT)","(boltLocation, CtMCaHR0cHM6Ly9jZi1zdC5zYy1jZG4ubmV0L2QvYTA1eWJiSlN2akxNd1diYWpGTEhUP3gtYW16LWFjbD1wdWJsaWMtcmVhZCZYLUFtei1BbGdvcml0aG09QVdTNC1ITUFDLVNIQTI1NiZYLUFtei1EYXRlPTIwMjEwNTE3VDE2MDYyOFomWC1BbXotU2lnbmVkSGVhZGVycz1ob3N0JlgtQW16LUV4cGlyZXM9MjczNTk5JlgtQW16LUNyZWRlbnRpYWw9QUtJQUpCUFJPRUpLVE1LQ0hKVEElMkYyMDIxMDUxNyUyRnVzLWVhc3QtMSUyRnMzJTJGYXdzNF9yZXF1ZXN0JlgtQW16LVNpZ25hdHVyZT0yODE1NGEzYjBkNTFiNmQwNDBlZTg1N2ExMzEwZmQyMTE0Njk1YTNmZWY0ZTcwODVmZjQ5ZTE4NjUxYmRmNjU2EgYIxIKbhQYaBAiAowUiqQESXGh0dHBzOi8vY2Ytc3Quc2MtY2RuLm5ldC9kL2EwNXliYkpTdmpMTXdXYmFqRkxIVD9ibz1FaFVhQUJvQUlnWUl4S1dnaFFZeUFRUklBVkFMWUFFJTNEJnVjPTExGkcKF2EwNXliYkpTdmpMTXdXYmFqRkxIVF8xEiwSFWEwNXliYkpTdmpMTXdXYmFqRkxIVBoAGgAiBgjEpaCFBjIBBEgBUAtgASgB)","(cacheKey, CAQgTA==)"
"(PID, com.snapchat.android)","(DN, main.db)","(DP, /home/kali/Desktop/RA/Heisenberg Android/Dump/data/data/com.snapchat.android/databases/main.db)","(TN, UploadLocation)","(RL, 3)","(_id, 28)","(uploadUrl, https://cf-st.sc-cdn.net/d/Pwh62f5VlKlfqnzPQ19g9?x-amz-acl=public-read&X-Amz-Algorithm=AWS4-HMAC-SHA256&X-Amz-Date=20210517T160628Z&X-Amz-SignedHeaders=host&X-Amz-Expires=273599&X-Amz-Credential=AKIAJBPROEJKTMKCHJTA%2F20210517%2Fus-east-1%2Fs3%2Faws4_request&X-Amz-Signature=956b3638b354b5dbf3ac09d18eb1723d4dd85ca4c6dc813ca6a9f7e9546f41b4)","(expiryInSeconds, 1621541188)","(type, BOLT_DIRECT)","(boltLocation, CtMCaHR0cHM6Ly9jZi1zdC5zYy1jZG4ubmV0L2QvUHdoNjJmNVZsS2xmcW56UFExOWc5P3gtYW16LWFjbD1wdWJsaWMtcmVhZCZYLUFtei1BbGdvcml0aG09QVdTNC1ITUFDLVNIQTI1NiZYLUFtei1EYXRlPTIwMjEwNTE3VDE2MDYyOFomWC1BbXotU2lnbmVkSGVhZGVycz1ob3N0JlgtQW16LUV4cGlyZXM9MjczNTk5JlgtQW16LUNyZWRlbnRpYWw9QUtJQUpCUFJPRUpLVE1LQ0hKVEElMkYyMDIxMDUxNyUyRnVzLWVhc3QtMSUyRnMzJTJGYXdzNF9yZXF1ZXN0JlgtQW16LVNpZ25hdHVyZT05NTZiMzYzOGIzNTRiNWRiZjNhYzA5ZDE4ZWIxNzIzZDRkZDg1Y2E0YzZkYzgxM2NhNmE5ZjdlOTU0NmY0MWI0EgYIxIKbhQYaBAiAowUiqQESXGh0dHBzOi8vY2Ytc3Quc2MtY2RuLm5ldC9kL1B3aDYyZjVWbEtsZnFuelBRMTlnOT9ibz1FaFVhQUJvQUlnWUl4S1dnaFFZeUFRUklBVkFMWUFFJTNEJnVjPTExGkcKF1B3aDYyZjVWbEtsZnFuelBRMTlnOV8xEiwSFVB3aDYyZjVWbEtsZnFuelBRMTlnORoAGgAiBgjEpaCFBjIBBEgBUAtgASgB)","(cacheKey, CAQgTA==)"
"(PID, com.snapchat.android)","(DN, main.db)","(DP, /home/kali/Desktop/RA/Heisenberg Android/Dump/data/data/com.snapchat.android/databases/main.db)","(TN, UploadLocation)","(RL, 4)","(_id, 29)","(uploadUrl, https://cf-st.sc-cdn.net/d/BUstMidHJYVc4HaLy40JN?x-amz-acl=public-read&X-Amz-Algorithm=AWS4-HMAC-SHA256&X-Amz-Date=20210517T160628Z&X-Amz-SignedHeaders=host&X-Amz-Expires=273599&X-Amz-Credential=AKIAJBPROEJKTMKCHJTA%2F20210517%2Fus-east-1%2Fs3%2Faws4_request&X-Amz-Signature=bb2b02d87a5d651080bf8bced3b8fd5753d93a15c343e4d15d530423696a4508)","(expiryInSeconds, 1621541188)","(type, BOLT_DIRECT)","(boltLocation, CtMCaHR0cHM6Ly9jZi1zdC5zYy1jZG4ubmV0L2QvQlVzdE1pZEhKWVZjNEhhTHk0MEpOP3gtYW16LWFjbD1wdWJsaWMtcmVhZCZYLUFtei1BbGdvcml0aG09QVdTNC1ITUFDLVNIQTI1NiZYLUFtei1EYXRlPTIwMjEwNTE3VDE2MDYyOFomWC1BbXotU2lnbmVkSGVhZGVycz1ob3N0JlgtQW16LUV4cGlyZXM9MjczNTk5JlgtQW16LUNyZWRlbnRpYWw9QUtJQUpCUFJPRUpLVE1LQ0hKVEElMkYyMDIxMDUxNyUyRnVzLWVhc3QtMSUyRnMzJTJGYXdzNF9yZXF1ZXN0JlgtQW16LVNpZ25hdHVyZT1iYjJiMDJkODdhNWQ2NTEwODBiZjhiY2VkM2I4ZmQ1NzUzZDkzYTE1YzM0M2U0ZDE1ZDUzMDQyMzY5NmE0NTA4EgYIxIKbhQYaBAiAowUiqQESXGh0dHBzOi8vY2Ytc3Quc2MtY2RuLm5ldC9kL0JVc3RNaWRISllWYzRIYUx5NDBKTj9ibz1FaFVhQUJvQUlnWUl4S1dnaFFZeUFRUklBVkFMWUFFJTNEJnVjPTExGkcKF0JVc3RNaWRISllWYzRIYUx5NDBKTl8xEiwSFUJVc3RNaWRISllWYzRIYUx5NDBKThoAGgAiBgjEpaCFBjIBBEgBUAtgASgB)","(cacheKey, CAQgTA==)"
"(PID, com.snapchat.android)","(DN, main.db)","(DP, /home/kali/Desktop/RA/Heisenberg Android/Dump/data/data/com.snapchat.android/databases/main.db)","(TN, UploadLocation)","(RL, 5)","(_id, 30)","(uploadUrl, https://bolt-prod-s3-us-east-1.s3.us-east-1.amazonaws.com/d/IWyfqSHQBwTFNVKqI2SjH?x-amz-acl=public-read&X-Amz-Algorithm=AWS4-HMAC-SHA256&X-Amz-Date=20210517T160657Z&X-Amz-SignedHeaders=host%3Bx-amz-storage-class&X-Amz-Expires=273599&X-Amz-Credential=AKIAJBPROEJKTMKCHJTA%2F20210517%2Fus-east-1%2Fs3%2Faws4_request&X-Amz-Signature=5001c1bf586d74f3dbaf79099be0f012283a6dfc654f1e8ca897b091c515c7ef)","(expiryInSeconds, 1621541217)","(type, BOLT_DIRECT)","(boltLocation, CooDaHR0cHM6Ly9ib2x0LXByb2QtczMtdXMtZWFzdC0xLnMzLnVzLWVhc3QtMS5hbWF6b25hd3MuY29tL2QvSVd5ZnFTSFFCd1RGTlZLcUkyU2pIP3gtYW16LWFjbD1wdWJsaWMtcmVhZCZYLUFtei1BbGdvcml0aG09QVdTNC1ITUFDLVNIQTI1NiZYLUFtei1EYXRlPTIwMjEwNTE3VDE2MDY1N1omWC1BbXotU2lnbmVkSGVhZGVycz1ob3N0JTNCeC1hbXotc3RvcmFnZS1jbGFzcyZYLUFtei1FeHBpcmVzPTI3MzU5OSZYLUFtei1DcmVkZW50aWFsPUFLSUFKQlBST0VKS1RNS0NISlRBJTJGMjAyMTA1MTclMkZ1cy1lYXN0LTElMkZzMyUyRmF3czRfcmVxdWVzdCZYLUFtei1TaWduYXR1cmU9NTAwMWMxYmY1ODZkNzRmM2RiYWY3OTA5OWJlMGYwMTIyODNhNmRmYzY1NGYxZThjYTg5N2IwOTFjNTE1YzdlZhIGCOGCm4UGGgQIgKMFIqkBElxodHRwczovL2NmLXN0LnNjLWNkbi5uZXQvZC9JV3lmcVNIUUJ3VEZOVktxSTJTakg/Ym89RWhVYUFCb0FJZ1lJNGFXZ2hRWXlBUVJJQVZBTFlBRSUzRCZ1Yz0xMRpHChdJV3lmcVNIUUJ3VEZOVktxSTJTakhfMRIsEhVJV3lmcVNIUUJ3VEZOVktxSTJTakgaABoAIgYI4aWghQYyAQRIAVALYAEoATIiChN4LWFtei1zdG9yYWdlLWNsYXNzEgtTVEFOREFSRF9JQQ==)","(cacheKey, CAQaFQoTChFJTkZSRVFVRU5UX0FDQ0VTUyBMKAE=)"
"(PID, com.snapchat.android)","(DN, main.db)","(DP, /home/kali/Desktop/RA/Heisenberg Android/Dump/data/data/com.snapchat.android/databases/main.db)","(TN, UploadLocation)","(RL, 6)","(_id, 31)","(uploadUrl, https://bolt-prod-s3-us-east-1.s3.us-east-1.amazonaws.com/d/eCblgXOvMoeOSIJS06sOb?x-amz-acl=public-read&X-Amz-Algorithm=AWS4-HMAC-SHA256&X-Amz-Date=20210517T160657Z&X-Amz-SignedHeaders=host%3Bx-amz-storage-class&X-Amz-Expires=273599&X-Amz-Credential=AKIAJBPROEJKTMKCHJTA%2F20210517%2Fus-east-1%2Fs3%2Faws4_request&X-Amz-Signature=426064273c4d864c058f95f221c72f5f11d4eba7ffcc8e7a9cc7150a0b71a3aa)","(expiryInSeconds, 1621541217)","(type, BOLT_DIRECT)","(boltLocation, CooDaHR0cHM6Ly9ib2x0LXByb2QtczMtdXMtZWFzdC0xLnMzLnVzLWVhc3QtMS5hbWF6b25hd3MuY29tL2QvZUNibGdYT3ZNb2VPU0lKUzA2c09iP3gtYW16LWFjbD1wdWJsaWMtcmVhZCZYLUFtei1BbGdvcml0aG09QVdTNC1ITUFDLVNIQTI1NiZYLUFtei1EYXRlPTIwMjEwNTE3VDE2MDY1N1omWC1BbXotU2lnbmVkSGVhZGVycz1ob3N0JTNCeC1hbXotc3RvcmFnZS1jbGFzcyZYLUFtei1FeHBpcmVzPTI3MzU5OSZYLUFtei1DcmVkZW50aWFsPUFLSUFKQlBST0VKS1RNS0NISlRBJTJGMjAyMTA1MTclMkZ1cy1lYXN0LTElMkZzMyUyRmF3czRfcmVxdWVzdCZYLUFtei1TaWduYXR1cmU9NDI2MDY0MjczYzRkODY0YzA1OGY5NWYyMjFjNzJmNWYxMWQ0ZWJhN2ZmY2M4ZTdhOWNjNzE1MGEwYjcxYTNhYRIGCOGCm4UGGgQIgKMFIqkBElxodHRwczovL2NmLXN0LnNjLWNkbi5uZXQvZC9lQ2JsZ1hPdk1vZU9TSUpTMDZzT2I/Ym89RWhVYUFCb0FJZ1lJNGFXZ2hRWXlBUVJJQVZBTFlBRSUzRCZ1Yz0xMRpHChdlQ2JsZ1hPdk1vZU9TSUpTMDZzT2JfMRIsEhVlQ2JsZ1hPdk1vZU9TSUpTMDZzT2IaABoAIgYI4aWghQYyAQRIAVALYAEoATIiChN4LWFtei1zdG9yYWdlLWNsYXNzEgtTVEFOREFSRF9JQQ==)","(cacheKey, CAQaFQoTChFJTkZSRVFVRU5UX0FDQ0VTUyBMKAE=)"
"(PID, com.snapchat.android)","(DN, main.db)","(DP, /home/kali/Desktop/RA/Heisenberg Android/Dump/data/data/com.snapchat.android/databases/main.db)","(TN, UploadLocation)","(RL, 7)","(_id, 32)","(uploadUrl, https://bolt-prod-s3-us-east-1.s3.us-east-1.amazonaws.com/d/OEu0kN5GzEoFgpsmwZHG3?x-amz-acl=public-read&X-Amz-Algorithm=AWS4-HMAC-SHA256&X-Amz-Date=20210517T160657Z&X-Amz-SignedHeaders=host%3Bx-amz-storage-class&X-Amz-Expires=273599&X-Amz-Credential=AKIAJBPROEJKTMKCHJTA%2F20210517%2Fus-east-1%2Fs3%2Faws4_request&X-Amz-Signature=89eb45e1eeeb8ce58172787231a627d34d09a6e0ca058d7b2f6ad363b69a1609)","(expiryInSeconds, 1621541217)","(type, BOLT_DIRECT)","(boltLocation, CooDaHR0cHM6Ly9ib2x0LXByb2QtczMtdXMtZWFzdC0xLnMzLnVzLWVhc3QtMS5hbWF6b25hd3MuY29tL2QvT0V1MGtONUd6RW9GZ3BzbXdaSEczP3gtYW16LWFjbD1wdWJsaWMtcmVhZCZYLUFtei1BbGdvcml0aG09QVdTNC1ITUFDLVNIQTI1NiZYLUFtei1EYXRlPTIwMjEwNTE3VDE2MDY1N1omWC1BbXotU2lnbmVkSGVhZGVycz1ob3N0JTNCeC1hbXotc3RvcmFnZS1jbGFzcyZYLUFtei1FeHBpcmVzPTI3MzU5OSZYLUFtei1DcmVkZW50aWFsPUFLSUFKQlBST0VKS1RNS0NISlRBJTJGMjAyMTA1MTclMkZ1cy1lYXN0LTElMkZzMyUyRmF3czRfcmVxdWVzdCZYLUFtei1TaWduYXR1cmU9ODllYjQ1ZTFlZWViOGNlNTgxNzI3ODcyMzFhNjI3ZDM0ZDA5YTZlMGNhMDU4ZDdiMmY2YWQzNjNiNjlhMTYwORIGCOGCm4UGGgQIgKMFIqkBElxodHRwczovL2NmLXN0LnNjLWNkbi5uZXQvZC9PRXUwa041R3pFb0ZncHNtd1pIRzM/Ym89RWhVYUFCb0FJZ1lJNGFXZ2hRWXlBUVJJQVZBTFlBRSUzRCZ1Yz0xMRpHChdPRXUwa041R3pFb0ZncHNtd1pIRzNfMRIsEhVPRXUwa041R3pFb0ZncHNtd1pIRzMaABoAIgYI4aWghQYyAQRIAVALYAEoATIiChN4LWFtei1zdG9yYWdlLWNsYXNzEgtTVEFOREFSRF9JQQ==)","(cacheKey, CAQaFQoTChFJTkZSRVFVRU5UX0FDQ0VTUyBMKAE=)"
"(PID, com.snapchat.android)","(DN, main.db)","(DP, /home/kali/Desktop/RA/Heisenberg Android/Dump/data/data/com.snapchat.android/databases/main.db)","(TN, UploadLocation)","(RL, 8)","(_id, 33)","(uploadUrl, https://bolt-prod-s3-us-east-1.s3.us-east-1.amazonaws.com/d/7gEGpLde0DWnqqh6P3PKJ?x-amz-acl=public-read&X-Amz-Algorithm=AWS4-HMAC-SHA256&X-Amz-Date=20210517T160657Z&X-Amz-SignedHeaders=host%3Bx-amz-storage-class&X-Amz-Expires=273599&X-Amz-Credential=AKIAJBPROEJKTMKCHJTA%2F20210517%2Fus-east-1%2Fs3%2Faws4_request&X-Amz-Signature=518f792dcf91c6faccb35b05c12db413f5625e5a7bb1276ab89e2c4ba2117bcc)","(expiryInSeconds, 1621541217)","(type, BOLT_DIRECT)","(boltLocation, CooDaHR0cHM6Ly9ib2x0LXByb2QtczMtdXMtZWFzdC0xLnMzLnVzLWVhc3QtMS5hbWF6b25hd3MuY29tL2QvN2dFR3BMZGUwRFducXFoNlAzUEtKP3gtYW16LWFjbD1wdWJsaWMtcmVhZCZYLUFtei1BbGdvcml0aG09QVdTNC1ITUFDLVNIQTI1NiZYLUFtei1EYXRlPTIwMjEwNTE3VDE2MDY1N1omWC1BbXotU2lnbmVkSGVhZGVycz1ob3N0JTNCeC1hbXotc3RvcmFnZS1jbGFzcyZYLUFtei1FeHBpcmVzPTI3MzU5OSZYLUFtei1DcmVkZW50aWFsPUFLSUFKQlBST0VKS1RNS0NISlRBJTJGMjAyMTA1MTclMkZ1cy1lYXN0LTElMkZzMyUyRmF3czRfcmVxdWVzdCZYLUFtei1TaWduYXR1cmU9NTE4Zjc5MmRjZjkxYzZmYWNjYjM1YjA1YzEyZGI0MTNmNTYyNWU1YTdiYjEyNzZhYjg5ZTJjNGJhMjExN2JjYxIGCOGCm4UGGgQIgKMFIqkBElxodHRwczovL2NmLXN0LnNjLWNkbi5uZXQvZC83Z0VHcExkZTBEV25xcWg2UDNQS0o/Ym89RWhVYUFCb0FJZ1lJNGFXZ2hRWXlBUVJJQVZBTFlBRSUzRCZ1Yz0xMRpHChc3Z0VHcExkZTBEV25xcWg2UDNQS0pfMRIsEhU3Z0VHcExkZTBEV25xcWg2UDNQS0oaABoAIgYI4aWghQYyAQRIAVALYAEoATIiChN4LWFtei1zdG9yYWdlLWNsYXNzEgtTVEFOREFSRF9JQQ==)","(cacheKey, CAQaFQoTChFJTkZSRVFVRU5UX0FDQ0VTUyBMKAE=)"
"(PID, com.snapchat.android)","(DN, main.db)","(DP, /home/kali/Desktop/RA/Heisenberg Android/Dump/data/data/com.snapchat.android/databases/main.db)","(TN, UploadLocation)","(RL, 9)","(_id, 34)","(uploadUrl, https://bolt-prod-s3-us-east-1.s3.us-east-1.amazonaws.com/d/OCD8xdlDFjgV5rvVPxrlc?x-amz-acl=public-read&X-Amz-Algorithm=AWS4-HMAC-SHA256&X-Amz-Date=20210517T160657Z&X-Amz-SignedHeaders=host%3Bx-amz-storage-class&X-Amz-Expires=273599&X-Amz-Credential=AKIAJBPROEJKTMKCHJTA%2F20210517%2Fus-east-1%2Fs3%2Faws4_request&X-Amz-Signature=8d9dd5507f0cdd067077a62bb6d04b3d5a4ebe0721eba9dfdc75cc1a6a7a1c72)","(expiryInSeconds, 1621541217)","(type, BOLT_DIRECT)","(boltLocation, CooDaHR0cHM6Ly9ib2x0LXByb2QtczMtdXMtZWFzdC0xLnMzLnVzLWVhc3QtMS5hbWF6b25hd3MuY29tL2QvT0NEOHhkbERGamdWNXJ2VlB4cmxjP3gtYW16LWFjbD1wdWJsaWMtcmVhZCZYLUFtei1BbGdvcml0aG09QVdTNC1ITUFDLVNIQTI1NiZYLUFtei1EYXRlPTIwMjEwNTE3VDE2MDY1N1omWC1BbXotU2lnbmVkSGVhZGVycz1ob3N0JTNCeC1hbXotc3RvcmFnZS1jbGFzcyZYLUFtei1FeHBpcmVzPTI3MzU5OSZYLUFtei1DcmVkZW50aWFsPUFLSUFKQlBST0VKS1RNS0NISlRBJTJGMjAyMTA1MTclMkZ1cy1lYXN0LTElMkZzMyUyRmF3czRfcmVxdWVzdCZYLUFtei1TaWduYXR1cmU9OGQ5ZGQ1NTA3ZjBjZGQwNjcwNzdhNjJiYjZkMDRiM2Q1YTRlYmUwNzIxZWJhOWRmZGM3NWNjMWE2YTdhMWM3MhIGCOGCm4UGGgQIgKMFIqkBElxodHRwczovL2NmLXN0LnNjLWNkbi5uZXQvZC9PQ0Q4eGRsREZqZ1Y1cnZWUHhybGM/Ym89RWhVYUFCb0FJZ1lJNGFXZ2hRWXlBUVJJQVZBTFlBRSUzRCZ1Yz0xMRpHChdPQ0Q4eGRsREZqZ1Y1cnZWUHhybGNfMRIsEhVPQ0Q4eGRsREZqZ1Y1cnZWUHhybGMaABoAIgYI4aWghQYyAQRIAVALYAEoATIiChN4LWFtei1zdG9yYWdlLWNsYXNzEgtTVEFOREFSRF9JQQ==)","(cacheKey, CAQaFQoTChFJTkZSRVFVRU5UX0FDQ0VTUyBMKAE=)"
"(PID, com.snapchat.android)","(DN, main.db)","(DP, /home/kali/Desktop/RA/Heisenberg Android/Dump/data/data/com.snapchat.android/databases/main.db)","(TN, UploadLocation)","(RL, 10)","(_id, 35)","(uploadUrl, https://bolt-prod-gcs-us-east-1.storage.googleapis.com/3/aajT7lekqHkwJL0VlRLqC?GoogleAccessId=GOOGWY5JJ2YTIKO5Z6YOVBYA&Expires=3242808834&Signature=Qo5vGype3PmWpA28iqy0HMDXklw%253D)","(expiryInSeconds, 1621541217)","(type, BOLT_RESUMABLE)","(boltLocation, CrQBaHR0cHM6Ly9ib2x0LXByb2QtZ2NzLXVzLWVhc3QtMS5zdG9yYWdlLmdvb2dsZWFwaXMuY29tLzMvYWFqVDdsZWtxSGt3SkwwVmxSTHFDP0dvb2dsZUFjY2Vzc0lkPUdPT0dXWTVKSjJZVElLTzVaNllPVkJZQSZFeHBpcmVzPTMyNDI4MDg4MzQmU2lnbmF0dXJlPVFvNXZHeXBlM1BtV3BBMjhpcXkwSE1EWGtsdyUyNTNEEgYI4YKbhQYaBAiAowUirQESYGh0dHBzOi8vYm9sdC1nY2RuLnNjLWNkbi5uZXQvMy9hYWpUN2xla3FIa3dKTDBWbFJMcUM/Ym89RWhVYUFCb0FJZ1lJNGFXZ2hRWXlBWDFJQVZBTFlBRSUzRCZ1Yz0xMRpHChdhYWpUN2xla3FIa3dKTDBWbFJMcUNfMRIsEhVhYWpUN2xla3FIa3dKTDBWbFJMcUMaABoAIgYI4aWghQYyAX1IAVALYAEoASgB)","(cacheKey, CH0QASBM)"
"(PID, com.snapchat.android)","(DN, main.db)","(DP, /home/kali/Desktop/RA/Heisenberg Android/Dump/data/data/com.snapchat.android/databases/main.db)","(TN, UploadLocation)","(RL, 11)","(_id, 36)","(uploadUrl, https://bolt-prod-gcs-us-east-1.storage.googleapis.com/3/1SdnpTZHQCtPfVGMdWQkq?GoogleAccessId=GOOGWY5JJ2YTIKO5Z6YOVBYA&Expires=3242808834&Signature=PdPGVMzeI0UPxl3ORTDEyyTgfvc%253D)","(expiryInSeconds, 1621541217)","(type, BOLT_RESUMABLE)","(boltLocation, CrQBaHR0cHM6Ly9ib2x0LXByb2QtZ2NzLXVzLWVhc3QtMS5zdG9yYWdlLmdvb2dsZWFwaXMuY29tLzMvMVNkbnBUWkhRQ3RQZlZHTWRXUWtxP0dvb2dsZUFjY2Vzc0lkPUdPT0dXWTVKSjJZVElLTzVaNllPVkJZQSZFeHBpcmVzPTMyNDI4MDg4MzQmU2lnbmF0dXJlPVBkUEdWTXplSTBVUHhsM09SVERFeXlUZ2Z2YyUyNTNEEgYI4YKbhQYaBAiAowUirQESYGh0dHBzOi8vYm9sdC1nY2RuLnNjLWNkbi5uZXQvMy8xU2RucFRaSFFDdFBmVkdNZFdRa3E/Ym89RWhVYUFCb0FJZ1lJNGFXZ2hRWXlBWDFJQVZBTFlBRSUzRCZ1Yz0xMRpHChcxU2RucFRaSFFDdFBmVkdNZFdRa3FfMRIsEhUxU2RucFRaSFFDdFBmVkdNZFdRa3EaABoAIgYI4aWghQYyAX1IAVALYAEoASgB)","(cacheKey, CH0QASBM)"
"(PID, com.snapchat.android)","(DN, main.db)","(DP, /home/kali/Desktop/RA/Heisenberg Android/Dump/data/data/com.snapchat.android/databases/main.db)","(TN, UploadLocation)","(RL, 12)","(_id, 37)","(uploadUrl, https://bolt-prod-gcs-us-east-1.storage.googleapis.com/3/9SNYrmMfX9ll7Z1c974fh?GoogleAccessId=GOOGWY5JJ2YTIKO5Z6YOVBYA&Expires=3242808834&Signature=tx1gWdjGX1lqG7ISBnaspzYzQao%253D)","(expiryInSeconds, 1621541217)","(type, BOLT_RESUMABLE)","(boltLocation, CrQBaHR0cHM6Ly9ib2x0LXByb2QtZ2NzLXVzLWVhc3QtMS5zdG9yYWdlLmdvb2dsZWFwaXMuY29tLzMvOVNOWXJtTWZYOWxsN1oxYzk3NGZoP0dvb2dsZUFjY2Vzc0lkPUdPT0dXWTVKSjJZVElLTzVaNllPVkJZQSZFeHBpcmVzPTMyNDI4MDg4MzQmU2lnbmF0dXJlPXR4MWdXZGpHWDFscUc3SVNCbmFzcHpZelFhbyUyNTNEEgYI4YKbhQYaBAiAowUirQESYGh0dHBzOi8vYm9sdC1nY2RuLnNjLWNkbi5uZXQvMy85U05Zcm1NZlg5bGw3WjFjOTc0Zmg/Ym89RWhVYUFCb0FJZ1lJNGFXZ2hRWXlBWDFJQVZBTFlBRSUzRCZ1Yz0xMRpHChc5U05Zcm1NZlg5bGw3WjFjOTc0ZmhfMRIsEhU5U05Zcm1NZlg5bGw3WjFjOTc0ZmgaABoAIgYI4aWghQYyAX1IAVALYAEoASgB)","(cacheKey, CH0QASBM)"
"(PID, com.snapchat.android)","(DN, main.db)","(DP, /home/kali/Desktop/RA/Heisenberg Android/Dump/data/data/com.snapchat.android/databases/main.db)","(TN, UploadLocation)","(RL, 13)","(_id, 38)","(uploadUrl, https://bolt-prod-gcs-us-east-1.storage.googleapis.com/3/Opvc6Yptt8eaCCs0CXpKW?GoogleAccessId=GOOGWY5JJ2YTIKO5Z6YOVBYA&Expires=3242808834&Signature=fesBM0hw9O4c1IoJPDzRcJv4Ka0%253D)","(expiryInSeconds, 1621541217)","(type, BOLT_RESUMABLE)","(boltLocation, CrQBaHR0cHM6Ly9ib2x0LXByb2QtZ2NzLXVzLWVhc3QtMS5zdG9yYWdlLmdvb2dsZWFwaXMuY29tLzMvT3B2YzZZcHR0OGVhQ0NzMENYcEtXP0dvb2dsZUFjY2Vzc0lkPUdPT0dXWTVKSjJZVElLTzVaNllPVkJZQSZFeHBpcmVzPTMyNDI4MDg4MzQmU2lnbmF0dXJlPWZlc0JNMGh3OU80YzFJb0pQRHpSY0p2NEthMCUyNTNEEgYI4YKbhQYaBAiAowUirQESYGh0dHBzOi8vYm9sdC1nY2RuLnNjLWNkbi5uZXQvMy9PcHZjNllwdHQ4ZWFDQ3MwQ1hwS1c/Ym89RWhVYUFCb0FJZ1lJNGFXZ2hRWXlBWDFJQVZBTFlBRSUzRCZ1Yz0xMRpHChdPcHZjNllwdHQ4ZWFDQ3MwQ1hwS1dfMRIsEhVPcHZjNllwdHQ4ZWFDQ3MwQ1hwS1caABoAIgYI4aWghQYyAX1IAVALYAEoASgB)","(cacheKey, CH0QASBM)"
"(PID, com.snapchat.android)","(DN, main.db)","(DP, /home/kali/Desktop/RA/Heisenberg Android/Dump/data/data/com.snapchat.android/databases/main.db)","(TN, UploadLocation)","(RL, 14)","(_id, 39)","(uploadUrl, https://bolt-prod-gcs-us-east-1.storage.googleapis.com/3/AaKdG6pV7agReqHk4qWd9?GoogleAccessId=GOOGWY5JJ2YTIKO5Z6YOVBYA&Expires=3242808834&Signature=IBpQuXjcZC9E9qThNYwaNMwfcsc%253D)","(expiryInSeconds, 1621541217)","(type, BOLT_RESUMABLE)","(boltLocation, CrQBaHR0cHM6Ly9ib2x0LXByb2QtZ2NzLXVzLWVhc3QtMS5zdG9yYWdlLmdvb2dsZWFwaXMuY29tLzMvQWFLZEc2cFY3YWdSZXFIazRxV2Q5P0dvb2dsZUFjY2Vzc0lkPUdPT0dXWTVKSjJZVElLTzVaNllPVkJZQSZFeHBpcmVzPTMyNDI4MDg4MzQmU2lnbmF0dXJlPUlCcFF1WGpjWkM5RTlxVGhOWXdhTk13ZmNzYyUyNTNEEgYI4YKbhQYaBAiAowUirQESYGh0dHBzOi8vYm9sdC1nY2RuLnNjLWNkbi5uZXQvMy9BYUtkRzZwVjdhZ1JlcUhrNHFXZDk/Ym89RWhVYUFCb0FJZ1lJNGFXZ2hRWXlBWDFJQVZBTFlBRSUzRCZ1Yz0xMRpHChdBYUtkRzZwVjdhZ1JlcUhrNHFXZDlfMRIsEhVBYUtkRzZwVjdhZ1JlcUhrNHFXZDkaABoAIgYI4aWghQYyAX1IAVALYAEoASgB)","(cacheKey, CH0QASBM)"
"(PID, com.snapchat.android)","(DN, main.db)","(DP, /home/kali/Desktop/RA/Heisenberg Android/Dump/data/data/com.snapchat.android/databases/main.db)","(TN, UploadLocation)","(RL, 15)","(_id, 40)","(uploadUrl, https://bolt-prod-gcs-us-east-1.storage.googleapis.com/3/yNlJcae4ZkDdiUABJTRR4?GoogleAccessId=GOOGWY5JJ2YTIKO5Z6YOVBYA&Expires=3242808834&Signature=t50ki3QqXYR56S%252FqN8R%252FjTZxSm4%253D)","(expiryInSeconds, 1621541217)","(type, BOLT_RESUMABLE)","(boltLocation, CrwBaHR0cHM6Ly9ib2x0LXByb2QtZ2NzLXVzLWVhc3QtMS5zdG9yYWdlLmdvb2dsZWFwaXMuY29tLzMveU5sSmNhZTRaa0RkaVVBQkpUUlI0P0dvb2dsZUFjY2Vzc0lkPUdPT0dXWTVKSjJZVElLTzVaNllPVkJZQSZFeHBpcmVzPTMyNDI4MDg4MzQmU2lnbmF0dXJlPXQ1MGtpM1FxWFlSNTZTJTI1MkZxTjhSJTI1MkZqVFp4U200JTI1M0QSBgjhgpuFBhoECICjBSKtARJgaHR0cHM6Ly9ib2x0LWdjZG4uc2MtY2RuLm5ldC8zL3lObEpjYWU0WmtEZGlVQUJKVFJSND9ibz1FaFVhQUJvQUlnWUk0YVdnaFFZeUFYMUlBVkFMWUFFJTNEJnVjPTExGkcKF3lObEpjYWU0WmtEZGlVQUJKVFJSNF8xEiwSFXlObEpjYWU0WmtEZGlVQUJKVFJSNBoAGgAiBgjhpaCFBjIBfUgBUAtgASgBKAE=)","(cacheKey, CH0QASBM)"
"(PID, com.snapchat.android)","(DN, main.db)","(DP, /home/kali/Desktop/RA/Heisenberg Android/Dump/data/data/com.snapchat.android/databases/main.db)","(TN, UploadLocation)","(RL, 16)","(_id, 41)","(uploadUrl, https://bolt-prod-gcs-us-east-1.storage.googleapis.com/3/IIdO3tVXlJGfGTHo9ibkF?GoogleAccessId=GOOGWY5JJ2YTIKO5Z6YOVBYA&Expires=3242808834&Signature=IKYA5fpa4UHxiGJ3q494xJg60E8%253D)","(expiryInSeconds, 1621541217)","(type, BOLT_RESUMABLE)","(boltLocation, CrQBaHR0cHM6Ly9ib2x0LXByb2QtZ2NzLXVzLWVhc3QtMS5zdG9yYWdlLmdvb2dsZWFwaXMuY29tLzMvSUlkTzN0VlhsSkdmR1RIbzlpYmtGP0dvb2dsZUFjY2Vzc0lkPUdPT0dXWTVKSjJZVElLTzVaNllPVkJZQSZFeHBpcmVzPTMyNDI4MDg4MzQmU2lnbmF0dXJlPUlLWUE1ZnBhNFVIeGlHSjNxNDk0eEpnNjBFOCUyNTNEEgYI4YKbhQYaBAiAowUirQESYGh0dHBzOi8vYm9sdC1nY2RuLnNjLWNkbi5uZXQvMy9JSWRPM3RWWGxKR2ZHVEhvOWlia0Y/Ym89RWhVYUFCb0FJZ1lJNGFXZ2hRWXlBWDFJQVZBTFlBRSUzRCZ1Yz0xMRpHChdJSWRPM3RWWGxKR2ZHVEhvOWlia0ZfMRIsEhVJSWRPM3RWWGxKR2ZHVEhvOWlia0YaABoAIgYI4aWghQYyAX1IAVALYAEoASgB)","(cacheKey, CH0QASBM)"
"(PID, com.snapchat.android)","(DN, main.db)","(DP, /home/kali/Desktop/RA/Heisenberg Android/Dump/data/data/com.snapchat.android/databases/main.db)","(TN, UploadLocation)","(RL, 17)","(_id, 42)","(uploadUrl, https://bolt-prod-gcs-us-east-1.storage.googleapis.com/3/2mKczDxLwbmsIriK2Iw2m?GoogleAccessId=GOOGWY5JJ2YTIKO5Z6YOVBYA&Expires=3242808834&Signature=0HunSUISfESpM1ya2b5yuvd5278%253D)","(expiryInSeconds, 1621541217)","(type, BOLT_RESUMABLE)","(boltLocation, CrQBaHR0cHM6Ly9ib2x0LXByb2QtZ2NzLXVzLWVhc3QtMS5zdG9yYWdlLmdvb2dsZWFwaXMuY29tLzMvMm1LY3pEeEx3Ym1zSXJpSzJJdzJtP0dvb2dsZUFjY2Vzc0lkPUdPT0dXWTVKSjJZVElLTzVaNllPVkJZQSZFeHBpcmVzPTMyNDI4MDg4MzQmU2lnbmF0dXJlPTBIdW5TVUlTZkVTcE0xeWEyYjV5dXZkNTI3OCUyNTNEEgYI4YKbhQYaBAiAowUirQESYGh0dHBzOi8vYm9sdC1nY2RuLnNjLWNkbi5uZXQvMy8ybUtjekR4THdibXNJcmlLMkl3Mm0/Ym89RWhVYUFCb0FJZ1lJNGFXZ2hRWXlBWDFJQVZBTFlBRSUzRCZ1Yz0xMRpHChcybUtjekR4THdibXNJcmlLMkl3Mm1fMRIsEhUybUtjekR4THdibXNJcmlLMkl3Mm0aABoAIgYI4aWghQYyAX1IAVALYAEoASgB)","(cacheKey, CH0QASBM)"
"(PID, com.snapchat.android)","(DN, main.db)","(DP, /home/kali/Desktop/RA/Heisenberg Android/Dump/data/data/com.snapchat.android/databases/main.db)","(TN, UploadLocation)","(RL, 18)","(_id, 43)","(uploadUrl, https://bolt-prod-gcs-us-east-1.storage.googleapis.com/3/YCvj7bPZRtR9tnxSvAwJb?GoogleAccessId=GOOGWY5JJ2YTIKO5Z6YOVBYA&Expires=3242808834&Signature=NY%252FDKVZAOXeoo72hfnnEXkzkwMw%253D)","(expiryInSeconds, 1621541217)","(type, BOLT_RESUMABLE)","(boltLocation, CrgBaHR0cHM6Ly9ib2x0LXByb2QtZ2NzLXVzLWVhc3QtMS5zdG9yYWdlLmdvb2dsZWFwaXMuY29tLzMvWUN2ajdiUFpSdFI5dG54U3ZBd0piP0dvb2dsZUFjY2Vzc0lkPUdPT0dXWTVKSjJZVElLTzVaNllPVkJZQSZFeHBpcmVzPTMyNDI4MDg4MzQmU2lnbmF0dXJlPU5ZJTI1MkZES1ZaQU9YZW9vNzJoZm5uRVhremt3TXclMjUzRBIGCOGCm4UGGgQIgKMFIq0BEmBodHRwczovL2JvbHQtZ2Nkbi5zYy1jZG4ubmV0LzMvWUN2ajdiUFpSdFI5dG54U3ZBd0piP2JvPUVoVWFBQm9BSWdZSTRhV2doUVl5QVgxSUFWQUxZQUUlM0QmdWM9MTEaRwoXWUN2ajdiUFpSdFI5dG54U3ZBd0piXzESLBIVWUN2ajdiUFpSdFI5dG54U3ZBd0piGgAaACIGCOGloIUGMgF9SAFQC2ABKAEoAQ==)","(cacheKey, CH0QASBM)"
"(PID, com.snapchat.android)","(DN, main.db)","(DP, /home/kali/Desktop/RA/Heisenberg Android/Dump/data/data/com.snapchat.android/databases/main.db)","(TN, UploadLocation)","(RL, 19)","(_id, 44)","(uploadUrl, https://bolt-prod-gcs-us-east-1.storage.googleapis.com/3/jlD2iZ5aJxo3E1COIsFlp?GoogleAccessId=GOOGWY5JJ2YTIKO5Z6YOVBYA&Expires=3242808834&Signature=4416%252F4%252FstybMvIMQa0HDYjxq8qE%253D)","(expiryInSeconds, 1621541217)","(type, BOLT_RESUMABLE)","(boltLocation, CrwBaHR0cHM6Ly9ib2x0LXByb2QtZ2NzLXVzLWVhc3QtMS5zdG9yYWdlLmdvb2dsZWFwaXMuY29tLzMvamxEMmlaNWFKeG8zRTFDT0lzRmxwP0dvb2dsZUFjY2Vzc0lkPUdPT0dXWTVKSjJZVElLTzVaNllPVkJZQSZFeHBpcmVzPTMyNDI4MDg4MzQmU2lnbmF0dXJlPTQ0MTYlMjUyRjQlMjUyRnN0eWJNdklNUWEwSERZanhxOHFFJTI1M0QSBgjhgpuFBhoECICjBSKtARJgaHR0cHM6Ly9ib2x0LWdjZG4uc2MtY2RuLm5ldC8zL2psRDJpWjVhSnhvM0UxQ09Jc0ZscD9ibz1FaFVhQUJvQUlnWUk0YVdnaFFZeUFYMUlBVkFMWUFFJTNEJnVjPTExGkcKF2psRDJpWjVhSnhvM0UxQ09Jc0ZscF8xEiwSFWpsRDJpWjVhSnhvM0UxQ09Jc0ZscBoAGgAiBgjhpaCFBjIBfUgBUAtgASgBKAE=)","(cacheKey, CH0QASBM)"
