PID,DN,DP,TN,RL,_id,dedup_key,utc_timestamp,timezone_offset,capture_timestamp,month_random_timestamp,type,is_deleted,is_vr,has_local,is_hidden,composition_type,partial_backup_downloaded,oem_special_type,is_archived,is_favorite,in_camera_folder,in_primary_storage,overlay_type,min_upload_utc_timestamp,date_header_utc_timestamp,trash_timestamp,location_type,canonical_media_key,canonical_content_version
"(PID, com.google.android.apps.photos)","(DN, gphotos0.db)","(DP, /home/kali/Desktop/RA/Heisenberg Android/Dump/data_mirror/data_ce/null/0/com.google.android.apps.photos/databases/gphotos0.db)","(TN, media)","(RL, 1)","(_id, 72)","(dedup_key, W-fTvhj3sOfzIEAPZzUxb5gL0g0)","(utc_timestamp, 1618482472000)","(timezone_offset, -14400000)","(capture_timestamp, 1618468072000)","(month_random_timestamp, 0)","(type, 1)","(is_deleted, 0)","(is_vr, 0)","(has_local, 1)","(is_hidden, 0)","(composition_type, None)","(partial_backup_downloaded, 0)","(oem_special_type, None)","(is_archived, 0)","(is_favorite, 0)","(in_camera_folder, 1)","(in_primary_storage, 1)","(overlay_type, 100)","(min_upload_utc_timestamp, 0)","(date_header_utc_timestamp, None)","(trash_timestamp, None)","(location_type, 2)","(canonical_media_key, None)","(canonical_content_version, None)"
"(PID, com.google.android.apps.photos)","(DN, gphotos0.db)","(DP, /home/kali/Desktop/RA/Heisenberg Android/Dump/data_mirror/data_ce/null/0/com.google.android.apps.photos/databases/gphotos0.db)","(TN, media)","(RL, 2)","(_id, 73)","(dedup_key, 7GYLSIaj8mGEL1q4qyH8THleXUk)","(utc_timestamp, 1618482457000)","(timezone_offset, -14400000)","(capture_timestamp, 1618468057000)","(month_random_timestamp, 0)","(type, 1)","(is_deleted, 0)","(is_vr, 0)","(has_local, 1)","(is_hidden, 0)","(composition_type, None)","(partial_backup_downloaded, 0)","(oem_special_type, None)","(is_archived, 0)","(is_favorite, 0)","(in_camera_folder, 1)","(in_primary_storage, 1)","(overlay_type, 100)","(min_upload_utc_timestamp, 0)","(date_header_utc_timestamp, None)","(trash_timestamp, None)","(location_type, 2)","(canonical_media_key, None)","(canonical_content_version, None)"
"(PID, com.google.android.apps.photos)","(DN, gphotos0.db)","(DP, /home/kali/Desktop/RA/Heisenberg Android/Dump/data_mirror/data_ce/null/0/com.google.android.apps.photos/databases/gphotos0.db)","(TN, media)","(RL, 3)","(_id, 74)","(dedup_key, vfYz0Kx_pEQ271eVWDTmE0lhRu4)","(utc_timestamp, 1618199764000)","(timezone_offset, -14400000)","(capture_timestamp, 1618185364000)","(month_random_timestamp, 0)","(type, 1)","(is_deleted, 0)","(is_vr, 0)","(has_local, 1)","(is_hidden, 0)","(composition_type, None)","(partial_backup_downloaded, 0)","(oem_special_type, None)","(is_archived, 0)","(is_favorite, 0)","(in_camera_folder, 1)","(in_primary_storage, 1)","(overlay_type, 100)","(min_upload_utc_timestamp, 0)","(date_header_utc_timestamp, None)","(trash_timestamp, None)","(location_type, 2)","(canonical_media_key, None)","(canonical_content_version, None)"
"(PID, com.google.android.apps.photos)","(DN, gphotos0.db)","(DP, /home/kali/Desktop/RA/Heisenberg Android/Dump/data_mirror/data_ce/null/0/com.google.android.apps.photos/databases/gphotos0.db)","(TN, media)","(RL, 4)","(_id, 75)","(dedup_key, ZSW9fiI03LmUT4iBv5vQbLzvx6Q)","(utc_timestamp, 1617778317000)","(timezone_offset, -14400000)","(capture_timestamp, 1617763917000)","(month_random_timestamp, 0)","(type, 1)","(is_deleted, 0)","(is_vr, 0)","(has_local, 1)","(is_hidden, 0)","(composition_type, None)","(partial_backup_downloaded, 0)","(oem_special_type, None)","(is_archived, 0)","(is_favorite, 0)","(in_camera_folder, 1)","(in_primary_storage, 1)","(overlay_type, 100)","(min_upload_utc_timestamp, 0)","(date_header_utc_timestamp, None)","(trash_timestamp, None)","(location_type, 1)","(canonical_media_key, None)","(canonical_content_version, None)"
"(PID, com.google.android.apps.photos)","(DN, gphotos0.db)","(DP, /home/kali/Desktop/RA/Heisenberg Android/Dump/data_mirror/data_ce/null/0/com.google.android.apps.photos/databases/gphotos0.db)","(TN, media)","(RL, 5)","(_id, 76)","(dedup_key, QnPcKlEV5JJyMckmfccjaAnaL2k)","(utc_timestamp, 1617594732000)","(timezone_offset, -14400000)","(capture_timestamp, 1617580332000)","(month_random_timestamp, 0)","(type, 1)","(is_deleted, 0)","(is_vr, 0)","(has_local, 1)","(is_hidden, 0)","(composition_type, None)","(partial_backup_downloaded, 0)","(oem_special_type, None)","(is_archived, 0)","(is_favorite, 0)","(in_camera_folder, 1)","(in_primary_storage, 1)","(overlay_type, 1400)","(min_upload_utc_timestamp, 0)","(date_header_utc_timestamp, None)","(trash_timestamp, None)","(location_type, 1)","(canonical_media_key, None)","(canonical_content_version, None)"
"(PID, com.google.android.apps.photos)","(DN, gphotos0.db)","(DP, /home/kali/Desktop/RA/Heisenberg Android/Dump/data_mirror/data_ce/null/0/com.google.android.apps.photos/databases/gphotos0.db)","(TN, media)","(RL, 6)","(_id, 78)","(dedup_key, FMbtSC2Qns8TYgqmlVVJLAWufjQ)","(utc_timestamp, 1617591833000)","(timezone_offset, -14400000)","(capture_timestamp, 1617577433000)","(month_random_timestamp, 0)","(type, 1)","(is_deleted, 0)","(is_vr, 0)","(has_local, 1)","(is_hidden, 0)","(composition_type, None)","(partial_backup_downloaded, 0)","(oem_special_type, None)","(is_archived, 0)","(is_favorite, 0)","(in_camera_folder, 1)","(in_primary_storage, 1)","(overlay_type, 1400)","(min_upload_utc_timestamp, 0)","(date_header_utc_timestamp, None)","(trash_timestamp, None)","(location_type, 1)","(canonical_media_key, None)","(canonical_content_version, None)"
"(PID, com.google.android.apps.photos)","(DN, gphotos0.db)","(DP, /home/kali/Desktop/RA/Heisenberg Android/Dump/data_mirror/data_ce/null/0/com.google.android.apps.photos/databases/gphotos0.db)","(TN, media)","(RL, 7)","(_id, 79)","(dedup_key, RLi6RPovURnZQgrTaGvwHZcbZRA)","(utc_timestamp, 1617591832000)","(timezone_offset, -14400000)","(capture_timestamp, 1617577432000)","(month_random_timestamp, 0)","(type, 1)","(is_deleted, 0)","(is_vr, 0)","(has_local, 1)","(is_hidden, 0)","(composition_type, None)","(partial_backup_downloaded, 0)","(oem_special_type, None)","(is_archived, 0)","(is_favorite, 0)","(in_camera_folder, 1)","(in_primary_storage, 1)","(overlay_type, 1400)","(min_upload_utc_timestamp, 0)","(date_header_utc_timestamp, None)","(trash_timestamp, None)","(location_type, 1)","(canonical_media_key, None)","(canonical_content_version, None)"
"(PID, com.google.android.apps.photos)","(DN, gphotos0.db)","(DP, /home/kali/Desktop/RA/Heisenberg Android/Dump/data_mirror/data_ce/null/0/com.google.android.apps.photos/databases/gphotos0.db)","(TN, media)","(RL, 8)","(_id, 80)","(dedup_key, -J-oGFtMtK9Oh-7Hop0vCw49b84)","(utc_timestamp, 1617591820000)","(timezone_offset, -14400000)","(capture_timestamp, 1617577420000)","(month_random_timestamp, 0)","(type, 1)","(is_deleted, 0)","(is_vr, 0)","(has_local, 1)","(is_hidden, 0)","(composition_type, None)","(partial_backup_downloaded, 0)","(oem_special_type, None)","(is_archived, 0)","(is_favorite, 0)","(in_camera_folder, 1)","(in_primary_storage, 1)","(overlay_type, 1400)","(min_upload_utc_timestamp, 0)","(date_header_utc_timestamp, None)","(trash_timestamp, None)","(location_type, 1)","(canonical_media_key, None)","(canonical_content_version, None)"
"(PID, com.google.android.apps.photos)","(DN, gphotos0.db)","(DP, /home/kali/Desktop/RA/Heisenberg Android/Dump/data_mirror/data_ce/null/0/com.google.android.apps.photos/databases/gphotos0.db)","(TN, media)","(RL, 9)","(_id, 81)","(dedup_key, RRf53DJAyzNoQdqvm6AluU7ObVw)","(utc_timestamp, 1617591817000)","(timezone_offset, -14400000)","(capture_timestamp, 1617577417000)","(month_random_timestamp, 0)","(type, 1)","(is_deleted, 0)","(is_vr, 0)","(has_local, 1)","(is_hidden, 0)","(composition_type, None)","(partial_backup_downloaded, 0)","(oem_special_type, None)","(is_archived, 0)","(is_favorite, 0)","(in_camera_folder, 1)","(in_primary_storage, 1)","(overlay_type, 1400)","(min_upload_utc_timestamp, 0)","(date_header_utc_timestamp, None)","(trash_timestamp, None)","(location_type, 1)","(canonical_media_key, None)","(canonical_content_version, None)"
"(PID, com.google.android.apps.photos)","(DN, gphotos0.db)","(DP, /home/kali/Desktop/RA/Heisenberg Android/Dump/data_mirror/data_ce/null/0/com.google.android.apps.photos/databases/gphotos0.db)","(TN, media)","(RL, 10)","(_id, 82)","(dedup_key, PZzKGW3UneDluTkCpjS8c6DsPKo)","(utc_timestamp, 1617591813000)","(timezone_offset, -14400000)","(capture_timestamp, 1617577413000)","(month_random_timestamp, 0)","(type, 1)","(is_deleted, 0)","(is_vr, 0)","(has_local, 1)","(is_hidden, 0)","(composition_type, None)","(partial_backup_downloaded, 0)","(oem_special_type, None)","(is_archived, 0)","(is_favorite, 0)","(in_camera_folder, 1)","(in_primary_storage, 1)","(overlay_type, 1400)","(min_upload_utc_timestamp, 0)","(date_header_utc_timestamp, None)","(trash_timestamp, None)","(location_type, 1)","(canonical_media_key, None)","(canonical_content_version, None)"
"(PID, com.google.android.apps.photos)","(DN, gphotos0.db)","(DP, /home/kali/Desktop/RA/Heisenberg Android/Dump/data_mirror/data_ce/null/0/com.google.android.apps.photos/databases/gphotos0.db)","(TN, media)","(RL, 11)","(_id, 83)","(dedup_key, 4ZQ7u9b1GVehy3XaTjXdp9eGCv4)","(utc_timestamp, 1617591805000)","(timezone_offset, -14400000)","(capture_timestamp, 1617577405000)","(month_random_timestamp, 0)","(type, 1)","(is_deleted, 0)","(is_vr, 0)","(has_local, 1)","(is_hidden, 0)","(composition_type, None)","(partial_backup_downloaded, 0)","(oem_special_type, None)","(is_archived, 0)","(is_favorite, 0)","(in_camera_folder, 1)","(in_primary_storage, 1)","(overlay_type, 1400)","(min_upload_utc_timestamp, 0)","(date_header_utc_timestamp, None)","(trash_timestamp, None)","(location_type, 1)","(canonical_media_key, None)","(canonical_content_version, None)"
"(PID, com.google.android.apps.photos)","(DN, gphotos0.db)","(DP, /home/kali/Desktop/RA/Heisenberg Android/Dump/data_mirror/data_ce/null/0/com.google.android.apps.photos/databases/gphotos0.db)","(TN, media)","(RL, 12)","(_id, 84)","(dedup_key, K5i2XeJm5yu4piNhZ9Uw4svzGeU)","(utc_timestamp, 1617477227000)","(timezone_offset, -14400000)","(capture_timestamp, 1617462827000)","(month_random_timestamp, 0)","(type, 1)","(is_deleted, 0)","(is_vr, 0)","(has_local, 1)","(is_hidden, 0)","(composition_type, None)","(partial_backup_downloaded, 0)","(oem_special_type, None)","(is_archived, 0)","(is_favorite, 0)","(in_camera_folder, 1)","(in_primary_storage, 1)","(overlay_type, 1400)","(min_upload_utc_timestamp, 0)","(date_header_utc_timestamp, None)","(trash_timestamp, None)","(location_type, 1)","(canonical_media_key, None)","(canonical_content_version, None)"
"(PID, com.google.android.apps.photos)","(DN, gphotos0.db)","(DP, /home/kali/Desktop/RA/Heisenberg Android/Dump/data_mirror/data_ce/null/0/com.google.android.apps.photos/databases/gphotos0.db)","(TN, media)","(RL, 13)","(_id, 85)","(dedup_key, GUjuAF0KdYlbBuhmGRoObCmPHls)","(utc_timestamp, 1617477223000)","(timezone_offset, -14400000)","(capture_timestamp, 1617462823000)","(month_random_timestamp, 0)","(type, 1)","(is_deleted, 0)","(is_vr, 0)","(has_local, 1)","(is_hidden, 0)","(composition_type, None)","(partial_backup_downloaded, 0)","(oem_special_type, None)","(is_archived, 0)","(is_favorite, 0)","(in_camera_folder, 1)","(in_primary_storage, 1)","(overlay_type, 1400)","(min_upload_utc_timestamp, 0)","(date_header_utc_timestamp, None)","(trash_timestamp, None)","(location_type, 1)","(canonical_media_key, None)","(canonical_content_version, None)"
"(PID, com.google.android.apps.photos)","(DN, gphotos0.db)","(DP, /home/kali/Desktop/RA/Heisenberg Android/Dump/data_mirror/data_ce/null/0/com.google.android.apps.photos/databases/gphotos0.db)","(TN, media)","(RL, 14)","(_id, 100)","(dedup_key, faV5XAk8Vuxiswm1m7Y7XqzNG1s)","(utc_timestamp, 1621123440000)","(timezone_offset, -14400000)","(capture_timestamp, 1621109040000)","(month_random_timestamp, 0)","(type, 1)","(is_deleted, 0)","(is_vr, 100)","(has_local, 1)","(is_hidden, 0)","(composition_type, None)","(partial_backup_downloaded, 0)","(oem_special_type, None)","(is_archived, 0)","(is_favorite, 0)","(in_camera_folder, 1)","(in_primary_storage, 1)","(overlay_type, 1300)","(min_upload_utc_timestamp, 0)","(date_header_utc_timestamp, None)","(trash_timestamp, None)","(location_type, 2)","(canonical_media_key, None)","(canonical_content_version, None)"
"(PID, com.google.android.apps.photos)","(DN, gphotos0.db)","(DP, /home/kali/Desktop/RA/Heisenberg Android/Dump/data_mirror/data_ce/null/0/com.google.android.apps.photos/databases/gphotos0.db)","(TN, media)","(RL, 15)","(_id, 101)","(dedup_key, l2PP0RvlJWK_3J7MBeEnxTcDqnw)","(utc_timestamp, 1621123436000)","(timezone_offset, -14400000)","(capture_timestamp, 1621109036000)","(month_random_timestamp, 0)","(type, 1)","(is_deleted, 0)","(is_vr, 100)","(has_local, 1)","(is_hidden, 0)","(composition_type, None)","(partial_backup_downloaded, 0)","(oem_special_type, None)","(is_archived, 0)","(is_favorite, 0)","(in_camera_folder, 1)","(in_primary_storage, 1)","(overlay_type, 1300)","(min_upload_utc_timestamp, 0)","(date_header_utc_timestamp, None)","(trash_timestamp, None)","(location_type, 2)","(canonical_media_key, None)","(canonical_content_version, None)"
"(PID, com.google.android.apps.photos)","(DN, gphotos0.db)","(DP, /home/kali/Desktop/RA/Heisenberg Android/Dump/data_mirror/data_ce/null/0/com.google.android.apps.photos/databases/gphotos0.db)","(TN, media)","(RL, 16)","(_id, 102)","(dedup_key, Bnqqly0HJoJXO9XoqZbMI0XqNeQ)","(utc_timestamp, 1621123433000)","(timezone_offset, -14400000)","(capture_timestamp, 1621109033000)","(month_random_timestamp, 0)","(type, 1)","(is_deleted, 0)","(is_vr, 100)","(has_local, 1)","(is_hidden, 0)","(composition_type, None)","(partial_backup_downloaded, 0)","(oem_special_type, None)","(is_archived, 0)","(is_favorite, 0)","(in_camera_folder, 1)","(in_primary_storage, 1)","(overlay_type, 1300)","(min_upload_utc_timestamp, 0)","(date_header_utc_timestamp, None)","(trash_timestamp, None)","(location_type, 2)","(canonical_media_key, None)","(canonical_content_version, None)"
"(PID, com.google.android.apps.photos)","(DN, gphotos0.db)","(DP, /home/kali/Desktop/RA/Heisenberg Android/Dump/data_mirror/data_ce/null/0/com.google.android.apps.photos/databases/gphotos0.db)","(TN, media)","(RL, 17)","(_id, 103)","(dedup_key, cdpk7u4jV7FQ2VMbegnv-KKMPDg)","(utc_timestamp, 1621123431000)","(timezone_offset, -14400000)","(capture_timestamp, 1621109031000)","(month_random_timestamp, 0)","(type, 1)","(is_deleted, 0)","(is_vr, 100)","(has_local, 1)","(is_hidden, 0)","(composition_type, None)","(partial_backup_downloaded, 0)","(oem_special_type, None)","(is_archived, 0)","(is_favorite, 0)","(in_camera_folder, 1)","(in_primary_storage, 1)","(overlay_type, 1300)","(min_upload_utc_timestamp, 0)","(date_header_utc_timestamp, None)","(trash_timestamp, None)","(location_type, 2)","(canonical_media_key, None)","(canonical_content_version, None)"
"(PID, com.google.android.apps.photos)","(DN, gphotos0.db)","(DP, /home/kali/Desktop/RA/Heisenberg Android/Dump/data_mirror/data_ce/null/0/com.google.android.apps.photos/databases/gphotos0.db)","(TN, media)","(RL, 18)","(_id, 108)","(dedup_key, L30bTmHiO52IzBfGNIxZk9GNsyw)","(utc_timestamp, 1621124012000)","(timezone_offset, -14400000)","(capture_timestamp, 1621109612000)","(month_random_timestamp, 0)","(type, 1)","(is_deleted, 0)","(is_vr, 100)","(has_local, 1)","(is_hidden, 0)","(composition_type, None)","(partial_backup_downloaded, 0)","(oem_special_type, None)","(is_archived, 0)","(is_favorite, 0)","(in_camera_folder, 1)","(in_primary_storage, 1)","(overlay_type, 1300)","(min_upload_utc_timestamp, 0)","(date_header_utc_timestamp, None)","(trash_timestamp, None)","(location_type, 2)","(canonical_media_key, None)","(canonical_content_version, None)"
"(PID, com.google.android.apps.photos)","(DN, gphotos0.db)","(DP, /home/kali/Desktop/RA/Heisenberg Android/Dump/data_mirror/data_ce/null/0/com.google.android.apps.photos/databases/gphotos0.db)","(TN, media)","(RL, 19)","(_id, 110)","(dedup_key, RXH3PCDg-K1FcnYjH__NXBxvG_k)","(utc_timestamp, 1621136701000)","(timezone_offset, -14400000)","(capture_timestamp, 1621122301000)","(month_random_timestamp, 0)","(type, 1)","(is_deleted, 0)","(is_vr, 0)","(has_local, 1)","(is_hidden, 0)","(composition_type, None)","(partial_backup_downloaded, 0)","(oem_special_type, None)","(is_archived, 0)","(is_favorite, 0)","(in_camera_folder, 1)","(in_primary_storage, 1)","(overlay_type, 1400)","(min_upload_utc_timestamp, 0)","(date_header_utc_timestamp, None)","(trash_timestamp, None)","(location_type, 1)","(canonical_media_key, None)","(canonical_content_version, None)"
"(PID, com.google.android.apps.photos)","(DN, gphotos0.db)","(DP, /home/kali/Desktop/RA/Heisenberg Android/Dump/data_mirror/data_ce/null/0/com.google.android.apps.photos/databases/gphotos0.db)","(TN, media)","(RL, 20)","(_id, 112)","(dedup_key, USgBTUUbT7RoPpMPQOCW6X161dE)","(utc_timestamp, 1621471970000)","(timezone_offset, -14400000)","(capture_timestamp, 1621457570000)","(month_random_timestamp, 0)","(type, 1)","(is_deleted, 0)","(is_vr, 0)","(has_local, 1)","(is_hidden, 0)","(composition_type, None)","(partial_backup_downloaded, 0)","(oem_special_type, None)","(is_archived, 0)","(is_favorite, 0)","(in_camera_folder, 1)","(in_primary_storage, 1)","(overlay_type, 1400)","(min_upload_utc_timestamp, 0)","(date_header_utc_timestamp, None)","(trash_timestamp, None)","(location_type, 2)","(canonical_media_key, None)","(canonical_content_version, None)"
"(PID, com.google.android.apps.photos)","(DN, gphotos0.db)","(DP, /home/kali/Desktop/RA/Heisenberg Android/Dump/data_mirror/data_ce/null/0/com.google.android.apps.photos/databases/gphotos0.db)","(TN, media)","(RL, 21)","(_id, 113)","(dedup_key, j7xjb6WcVnD0NgZiH-3blNaDfqU)","(utc_timestamp, 1621471937000)","(timezone_offset, -14400000)","(capture_timestamp, 1621457537000)","(month_random_timestamp, 0)","(type, 1)","(is_deleted, 0)","(is_vr, 0)","(has_local, 1)","(is_hidden, 0)","(composition_type, None)","(partial_backup_downloaded, 0)","(oem_special_type, None)","(is_archived, 0)","(is_favorite, 0)","(in_camera_folder, 1)","(in_primary_storage, 1)","(overlay_type, 1400)","(min_upload_utc_timestamp, 0)","(date_header_utc_timestamp, None)","(trash_timestamp, None)","(location_type, 2)","(canonical_media_key, None)","(canonical_content_version, None)"
"(PID, com.google.android.apps.photos)","(DN, gphotos0.db)","(DP, /home/kali/Desktop/RA/Heisenberg Android/Dump/data_mirror/data_ce/null/0/com.google.android.apps.photos/databases/gphotos0.db)","(TN, media)","(RL, 22)","(_id, 114)","(dedup_key, xTSYRpIfAWoWqb7U2Qoo0nPECh8)","(utc_timestamp, 1621471933000)","(timezone_offset, -14400000)","(capture_timestamp, 1621457533000)","(month_random_timestamp, 0)","(type, 1)","(is_deleted, 0)","(is_vr, 0)","(has_local, 1)","(is_hidden, 0)","(composition_type, None)","(partial_backup_downloaded, 0)","(oem_special_type, None)","(is_archived, 0)","(is_favorite, 0)","(in_camera_folder, 1)","(in_primary_storage, 1)","(overlay_type, 1400)","(min_upload_utc_timestamp, 0)","(date_header_utc_timestamp, None)","(trash_timestamp, None)","(location_type, 2)","(canonical_media_key, None)","(canonical_content_version, None)"
"(PID, com.google.android.apps.photos)","(DN, gphotos0.db)","(DP, /home/kali/Desktop/RA/Heisenberg Android/Dump/data_mirror/data_ce/null/0/com.google.android.apps.photos/databases/gphotos0.db)","(TN, media)","(RL, 23)","(_id, 115)","(dedup_key, M0CYfO8Daa_99rPkYODV30t0C1Y)","(utc_timestamp, 1621471930000)","(timezone_offset, -14400000)","(capture_timestamp, 1621457530000)","(month_random_timestamp, 0)","(type, 1)","(is_deleted, 0)","(is_vr, 0)","(has_local, 1)","(is_hidden, 0)","(composition_type, None)","(partial_backup_downloaded, 0)","(oem_special_type, None)","(is_archived, 0)","(is_favorite, 0)","(in_camera_folder, 1)","(in_primary_storage, 1)","(overlay_type, 1400)","(min_upload_utc_timestamp, 0)","(date_header_utc_timestamp, None)","(trash_timestamp, None)","(location_type, 2)","(canonical_media_key, None)","(canonical_content_version, None)"
"(PID, com.google.android.apps.photos)","(DN, gphotos0.db)","(DP, /home/kali/Desktop/RA/Heisenberg Android/Dump/data_mirror/data_ce/null/0/com.google.android.apps.photos/databases/gphotos0.db)","(TN, media)","(RL, 24)","(_id, 116)","(dedup_key, 5f6l0oMTzFQiRaMOkM1N5avI2gs)","(utc_timestamp, 1621471925000)","(timezone_offset, -14400000)","(capture_timestamp, 1621457525000)","(month_random_timestamp, 0)","(type, 1)","(is_deleted, 0)","(is_vr, 0)","(has_local, 1)","(is_hidden, 0)","(composition_type, None)","(partial_backup_downloaded, 0)","(oem_special_type, None)","(is_archived, 0)","(is_favorite, 0)","(in_camera_folder, 1)","(in_primary_storage, 1)","(overlay_type, 1400)","(min_upload_utc_timestamp, 0)","(date_header_utc_timestamp, None)","(trash_timestamp, None)","(location_type, 2)","(canonical_media_key, None)","(canonical_content_version, None)"
"(PID, com.google.android.apps.photos)","(DN, gphotos0.db)","(DP, /home/kali/Desktop/RA/Heisenberg Android/Dump/data_mirror/data_ce/null/0/com.google.android.apps.photos/databases/gphotos0.db)","(TN, media)","(RL, 25)","(_id, 122)","(dedup_key, ipf06_3u1A1JUbaimX87I-_Qh9Q)","(utc_timestamp, 1621471990000)","(timezone_offset, -14400000)","(capture_timestamp, 1621457590000)","(month_random_timestamp, 0)","(type, 1)","(is_deleted, 0)","(is_vr, 0)","(has_local, 1)","(is_hidden, 0)","(composition_type, None)","(partial_backup_downloaded, 0)","(oem_special_type, None)","(is_archived, 0)","(is_favorite, 0)","(in_camera_folder, 1)","(in_primary_storage, 1)","(overlay_type, 1400)","(min_upload_utc_timestamp, 0)","(date_header_utc_timestamp, None)","(trash_timestamp, None)","(location_type, 2)","(canonical_media_key, None)","(canonical_content_version, None)"
"(PID, com.google.android.apps.photos)","(DN, gphotos0.db)","(DP, /home/kali/Desktop/RA/Heisenberg Android/Dump/data_mirror/data_ce/null/0/com.google.android.apps.photos/databases/gphotos0.db)","(TN, media)","(RL, 26)","(_id, 123)","(dedup_key, WGCFSbf5v7CmHBulXzv2z-OcTZ0)","(utc_timestamp, 1621471985000)","(timezone_offset, -14400000)","(capture_timestamp, 1621457585000)","(month_random_timestamp, 0)","(type, 1)","(is_deleted, 0)","(is_vr, 0)","(has_local, 1)","(is_hidden, 0)","(composition_type, None)","(partial_backup_downloaded, 0)","(oem_special_type, None)","(is_archived, 0)","(is_favorite, 0)","(in_camera_folder, 1)","(in_primary_storage, 1)","(overlay_type, 1400)","(min_upload_utc_timestamp, 0)","(date_header_utc_timestamp, None)","(trash_timestamp, None)","(location_type, 2)","(canonical_media_key, None)","(canonical_content_version, None)"
"(PID, com.google.android.apps.photos)","(DN, gphotos0.db)","(DP, /home/kali/Desktop/RA/Heisenberg Android/Dump/data_mirror/data_ce/null/0/com.google.android.apps.photos/databases/gphotos0.db)","(TN, media)","(RL, 27)","(_id, 180)","(dedup_key, nPVzksG9AgXQh92H6_Jpbozm05E)","(utc_timestamp, 1623028869000)","(timezone_offset, -14400000)","(capture_timestamp, 1623014469000)","(month_random_timestamp, 0)","(type, 1)","(is_deleted, 0)","(is_vr, 100)","(has_local, 1)","(is_hidden, 0)","(composition_type, None)","(partial_backup_downloaded, 0)","(oem_special_type, None)","(is_archived, 0)","(is_favorite, 0)","(in_camera_folder, 1)","(in_primary_storage, 1)","(overlay_type, 1300)","(min_upload_utc_timestamp, 0)","(date_header_utc_timestamp, None)","(trash_timestamp, None)","(location_type, 2)","(canonical_media_key, None)","(canonical_content_version, None)"
"(PID, com.google.android.apps.photos)","(DN, gphotos0.db)","(DP, /home/kali/Desktop/RA/Heisenberg Android/Dump/data_mirror/data_ce/null/0/com.google.android.apps.photos/databases/gphotos0.db)","(TN, media)","(RL, 28)","(_id, 181)","(dedup_key, x7qZfV1EUM2wfUrt4r6rvJb40iY)","(utc_timestamp, 1623028867000)","(timezone_offset, -14400000)","(capture_timestamp, 1623014467000)","(month_random_timestamp, 0)","(type, 1)","(is_deleted, 0)","(is_vr, 100)","(has_local, 1)","(is_hidden, 0)","(composition_type, None)","(partial_backup_downloaded, 0)","(oem_special_type, None)","(is_archived, 0)","(is_favorite, 0)","(in_camera_folder, 1)","(in_primary_storage, 1)","(overlay_type, 1300)","(min_upload_utc_timestamp, 0)","(date_header_utc_timestamp, None)","(trash_timestamp, None)","(location_type, 2)","(canonical_media_key, None)","(canonical_content_version, None)"
"(PID, com.google.android.apps.photos)","(DN, gphotos0.db)","(DP, /home/kali/Desktop/RA/Heisenberg Android/Dump/data_mirror/data_ce/null/0/com.google.android.apps.photos/databases/gphotos0.db)","(TN, media)","(RL, 29)","(_id, 182)","(dedup_key, c9Z3LI47xvAhrO6mLpJmI9DxgK8)","(utc_timestamp, 1623028855000)","(timezone_offset, -14400000)","(capture_timestamp, 1623014455000)","(month_random_timestamp, 0)","(type, 1)","(is_deleted, 0)","(is_vr, 0)","(has_local, 1)","(is_hidden, 0)","(composition_type, None)","(partial_backup_downloaded, 0)","(oem_special_type, None)","(is_archived, 0)","(is_favorite, 0)","(in_camera_folder, 1)","(in_primary_storage, 1)","(overlay_type, 1400)","(min_upload_utc_timestamp, 0)","(date_header_utc_timestamp, None)","(trash_timestamp, None)","(location_type, 2)","(canonical_media_key, None)","(canonical_content_version, None)"
"(PID, com.google.android.apps.photos)","(DN, gphotos0.db)","(DP, /home/kali/Desktop/RA/Heisenberg Android/Dump/data_mirror/data_ce/null/0/com.google.android.apps.photos/databases/gphotos0.db)","(TN, media)","(RL, 30)","(_id, 183)","(dedup_key, XgLaou46DriNskmVpLTQ3cKjC7U)","(utc_timestamp, 1623028845000)","(timezone_offset, -14400000)","(capture_timestamp, 1623014445000)","(month_random_timestamp, 0)","(type, 1)","(is_deleted, 0)","(is_vr, 0)","(has_local, 1)","(is_hidden, 0)","(composition_type, None)","(partial_backup_downloaded, 0)","(oem_special_type, None)","(is_archived, 0)","(is_favorite, 0)","(in_camera_folder, 1)","(in_primary_storage, 1)","(overlay_type, 1400)","(min_upload_utc_timestamp, 0)","(date_header_utc_timestamp, None)","(trash_timestamp, None)","(location_type, 2)","(canonical_media_key, None)","(canonical_content_version, None)"
"(PID, com.google.android.apps.photos)","(DN, gphotos0.db)","(DP, /home/kali/Desktop/RA/Heisenberg Android/Dump/data_mirror/data_ce/null/0/com.google.android.apps.photos/databases/gphotos0.db)","(TN, media)","(RL, 31)","(_id, 184)","(dedup_key, utZ2UXqRGcGje5MlH1oU4qFbkCA)","(utc_timestamp, 1623028841000)","(timezone_offset, -14400000)","(capture_timestamp, 1623014441000)","(month_random_timestamp, 0)","(type, 1)","(is_deleted, 0)","(is_vr, 100)","(has_local, 1)","(is_hidden, 0)","(composition_type, None)","(partial_backup_downloaded, 0)","(oem_special_type, None)","(is_archived, 0)","(is_favorite, 0)","(in_camera_folder, 1)","(in_primary_storage, 1)","(overlay_type, 1300)","(min_upload_utc_timestamp, 0)","(date_header_utc_timestamp, None)","(trash_timestamp, None)","(location_type, 2)","(canonical_media_key, None)","(canonical_content_version, None)"
"(PID, com.google.android.apps.photos)","(DN, gphotos0.db)","(DP, /home/kali/Desktop/RA/Heisenberg Android/Dump/data_mirror/data_ce/null/0/com.google.android.apps.photos/databases/gphotos0.db)","(TN, media)","(RL, 32)","(_id, 185)","(dedup_key, Tb4sTfc18Dfltjd2n2ClXSjCKLs)","(utc_timestamp, 1623027089000)","(timezone_offset, -14400000)","(capture_timestamp, 1623012689000)","(month_random_timestamp, 0)","(type, 1)","(is_deleted, 0)","(is_vr, 0)","(has_local, 1)","(is_hidden, 0)","(composition_type, None)","(partial_backup_downloaded, 0)","(oem_special_type, None)","(is_archived, 0)","(is_favorite, 0)","(in_camera_folder, 1)","(in_primary_storage, 1)","(overlay_type, 1400)","(min_upload_utc_timestamp, 0)","(date_header_utc_timestamp, None)","(trash_timestamp, None)","(location_type, 2)","(canonical_media_key, None)","(canonical_content_version, None)"
"(PID, com.google.android.apps.photos)","(DN, gphotos0.db)","(DP, /home/kali/Desktop/RA/Heisenberg Android/Dump/data_mirror/data_ce/null/0/com.google.android.apps.photos/databases/gphotos0.db)","(TN, media)","(RL, 33)","(_id, 186)","(dedup_key, U-2z8C88kAAItAMzkIkHF54It5Q)","(utc_timestamp, 1623027029000)","(timezone_offset, -14400000)","(capture_timestamp, 1623012629000)","(month_random_timestamp, 0)","(type, 1)","(is_deleted, 0)","(is_vr, 0)","(has_local, 1)","(is_hidden, 0)","(composition_type, None)","(partial_backup_downloaded, 0)","(oem_special_type, None)","(is_archived, 0)","(is_favorite, 0)","(in_camera_folder, 1)","(in_primary_storage, 1)","(overlay_type, 1400)","(min_upload_utc_timestamp, 0)","(date_header_utc_timestamp, None)","(trash_timestamp, None)","(location_type, 2)","(canonical_media_key, None)","(canonical_content_version, None)"
"(PID, com.google.android.apps.photos)","(DN, gphotos0.db)","(DP, /home/kali/Desktop/RA/Heisenberg Android/Dump/data_mirror/data_ce/null/0/com.google.android.apps.photos/databases/gphotos0.db)","(TN, media)","(RL, 34)","(_id, 187)","(dedup_key, 9on3yhyDwMPpmo4mwECKPsKKWSM)","(utc_timestamp, 1623027024000)","(timezone_offset, -14400000)","(capture_timestamp, 1623012624000)","(month_random_timestamp, 0)","(type, 1)","(is_deleted, 0)","(is_vr, 0)","(has_local, 1)","(is_hidden, 0)","(composition_type, None)","(partial_backup_downloaded, 0)","(oem_special_type, None)","(is_archived, 0)","(is_favorite, 0)","(in_camera_folder, 1)","(in_primary_storage, 1)","(overlay_type, 1400)","(min_upload_utc_timestamp, 0)","(date_header_utc_timestamp, None)","(trash_timestamp, None)","(location_type, 2)","(canonical_media_key, None)","(canonical_content_version, None)"
"(PID, com.google.android.apps.photos)","(DN, gphotos0.db)","(DP, /home/kali/Desktop/RA/Heisenberg Android/Dump/data_mirror/data_ce/null/0/com.google.android.apps.photos/databases/gphotos0.db)","(TN, media)","(RL, 35)","(_id, 189)","(dedup_key, Ep2DpvuCxukntsNmC58cCtJqRpc)","(utc_timestamp, 1623027003000)","(timezone_offset, -14400000)","(capture_timestamp, 1623012603000)","(month_random_timestamp, 0)","(type, 1)","(is_deleted, 0)","(is_vr, 100)","(has_local, 1)","(is_hidden, 0)","(composition_type, None)","(partial_backup_downloaded, 0)","(oem_special_type, None)","(is_archived, 0)","(is_favorite, 0)","(in_camera_folder, 1)","(in_primary_storage, 1)","(overlay_type, 1300)","(min_upload_utc_timestamp, 0)","(date_header_utc_timestamp, None)","(trash_timestamp, None)","(location_type, 2)","(canonical_media_key, None)","(canonical_content_version, None)"
"(PID, com.google.android.apps.photos)","(DN, gphotos0.db)","(DP, /home/kali/Desktop/RA/Heisenberg Android/Dump/data_mirror/data_ce/null/0/com.google.android.apps.photos/databases/gphotos0.db)","(TN, media)","(RL, 36)","(_id, 190)","(dedup_key, NvRn5w1EVxqqEya5lPRdzKpbyjE)","(utc_timestamp, 1623027000000)","(timezone_offset, -14400000)","(capture_timestamp, 1623012600000)","(month_random_timestamp, 0)","(type, 1)","(is_deleted, 0)","(is_vr, 100)","(has_local, 1)","(is_hidden, 0)","(composition_type, None)","(partial_backup_downloaded, 0)","(oem_special_type, None)","(is_archived, 0)","(is_favorite, 0)","(in_camera_folder, 1)","(in_primary_storage, 1)","(overlay_type, 1300)","(min_upload_utc_timestamp, 0)","(date_header_utc_timestamp, None)","(trash_timestamp, None)","(location_type, 2)","(canonical_media_key, None)","(canonical_content_version, None)"
"(PID, com.google.android.apps.photos)","(DN, gphotos0.db)","(DP, /home/kali/Desktop/RA/Heisenberg Android/Dump/data_mirror/data_ce/null/0/com.google.android.apps.photos/databases/gphotos0.db)","(TN, media)","(RL, 37)","(_id, 191)","(dedup_key, X-03DmWcOEsNEooeI7XoRzmmXCA)","(utc_timestamp, 1623019173000)","(timezone_offset, -14400000)","(capture_timestamp, 1623004773000)","(month_random_timestamp, 0)","(type, 1)","(is_deleted, 0)","(is_vr, 0)","(has_local, 1)","(is_hidden, 0)","(composition_type, None)","(partial_backup_downloaded, 0)","(oem_special_type, None)","(is_archived, 0)","(is_favorite, 0)","(in_camera_folder, 1)","(in_primary_storage, 1)","(overlay_type, 1400)","(min_upload_utc_timestamp, 0)","(date_header_utc_timestamp, None)","(trash_timestamp, None)","(location_type, 1)","(canonical_media_key, None)","(canonical_content_version, None)"
"(PID, com.google.android.apps.photos)","(DN, gphotos0.db)","(DP, /home/kali/Desktop/RA/Heisenberg Android/Dump/data_mirror/data_ce/null/0/com.google.android.apps.photos/databases/gphotos0.db)","(TN, media)","(RL, 38)","(_id, 193)","(dedup_key, pOf4gKMhUS8K_XS939exm76pCUA)","(utc_timestamp, 1623016361000)","(timezone_offset, -14400000)","(capture_timestamp, 1623001961000)","(month_random_timestamp, 0)","(type, 1)","(is_deleted, 0)","(is_vr, 0)","(has_local, 1)","(is_hidden, 0)","(composition_type, None)","(partial_backup_downloaded, 0)","(oem_special_type, None)","(is_archived, 0)","(is_favorite, 0)","(in_camera_folder, 1)","(in_primary_storage, 1)","(overlay_type, 1400)","(min_upload_utc_timestamp, 0)","(date_header_utc_timestamp, None)","(trash_timestamp, None)","(location_type, 2)","(canonical_media_key, None)","(canonical_content_version, None)"
"(PID, com.google.android.apps.photos)","(DN, gphotos0.db)","(DP, /home/kali/Desktop/RA/Heisenberg Android/Dump/data_mirror/data_ce/null/0/com.google.android.apps.photos/databases/gphotos0.db)","(TN, media)","(RL, 39)","(_id, 194)","(dedup_key, AQU_0IoOpxKVWvTyn-XUtnteIQE)","(utc_timestamp, 1623016358000)","(timezone_offset, -14400000)","(capture_timestamp, 1623001958000)","(month_random_timestamp, 0)","(type, 1)","(is_deleted, 0)","(is_vr, 0)","(has_local, 1)","(is_hidden, 0)","(composition_type, None)","(partial_backup_downloaded, 0)","(oem_special_type, None)","(is_archived, 0)","(is_favorite, 0)","(in_camera_folder, 1)","(in_primary_storage, 1)","(overlay_type, 1400)","(min_upload_utc_timestamp, 0)","(date_header_utc_timestamp, None)","(trash_timestamp, None)","(location_type, 2)","(canonical_media_key, None)","(canonical_content_version, None)"
"(PID, com.google.android.apps.photos)","(DN, gphotos0.db)","(DP, /home/kali/Desktop/RA/Heisenberg Android/Dump/data_mirror/data_ce/null/0/com.google.android.apps.photos/databases/gphotos0.db)","(TN, media)","(RL, 40)","(_id, 195)","(dedup_key, vvAAivgxcQ34U7pf3AIoSYpo4RA)","(utc_timestamp, 1623016356000)","(timezone_offset, -14400000)","(capture_timestamp, 1623001956000)","(month_random_timestamp, 0)","(type, 1)","(is_deleted, 0)","(is_vr, 0)","(has_local, 1)","(is_hidden, 0)","(composition_type, None)","(partial_backup_downloaded, 0)","(oem_special_type, None)","(is_archived, 0)","(is_favorite, 0)","(in_camera_folder, 1)","(in_primary_storage, 1)","(overlay_type, 1400)","(min_upload_utc_timestamp, 0)","(date_header_utc_timestamp, None)","(trash_timestamp, None)","(location_type, 2)","(canonical_media_key, None)","(canonical_content_version, None)"
"(PID, com.google.android.apps.photos)","(DN, gphotos0.db)","(DP, /home/kali/Desktop/RA/Heisenberg Android/Dump/data_mirror/data_ce/null/0/com.google.android.apps.photos/databases/gphotos0.db)","(TN, media)","(RL, 41)","(_id, 196)","(dedup_key, XdtFWHfLqDv0_kpwtQB7P7fRFi8)","(utc_timestamp, 1623016331000)","(timezone_offset, -14400000)","(capture_timestamp, 1623001931000)","(month_random_timestamp, 0)","(type, 1)","(is_deleted, 0)","(is_vr, 0)","(has_local, 1)","(is_hidden, 0)","(composition_type, None)","(partial_backup_downloaded, 0)","(oem_special_type, None)","(is_archived, 0)","(is_favorite, 0)","(in_camera_folder, 1)","(in_primary_storage, 1)","(overlay_type, 1400)","(min_upload_utc_timestamp, 0)","(date_header_utc_timestamp, None)","(trash_timestamp, None)","(location_type, 2)","(canonical_media_key, None)","(canonical_content_version, None)"
"(PID, com.google.android.apps.photos)","(DN, gphotos0.db)","(DP, /home/kali/Desktop/RA/Heisenberg Android/Dump/data_mirror/data_ce/null/0/com.google.android.apps.photos/databases/gphotos0.db)","(TN, media)","(RL, 42)","(_id, 197)","(dedup_key, fkjVu8ARRd6J8pl16u5U2VlyxqI)","(utc_timestamp, 1623016329000)","(timezone_offset, -14400000)","(capture_timestamp, 1623001929000)","(month_random_timestamp, 0)","(type, 1)","(is_deleted, 0)","(is_vr, 0)","(has_local, 1)","(is_hidden, 0)","(composition_type, None)","(partial_backup_downloaded, 0)","(oem_special_type, None)","(is_archived, 0)","(is_favorite, 0)","(in_camera_folder, 1)","(in_primary_storage, 1)","(overlay_type, 1400)","(min_upload_utc_timestamp, 0)","(date_header_utc_timestamp, None)","(trash_timestamp, None)","(location_type, 2)","(canonical_media_key, None)","(canonical_content_version, None)"
"(PID, com.google.android.apps.photos)","(DN, gphotos0.db)","(DP, /home/kali/Desktop/RA/Heisenberg Android/Dump/data_mirror/data_ce/null/0/com.google.android.apps.photos/databases/gphotos0.db)","(TN, media)","(RL, 43)","(_id, 216)","(dedup_key, z-LpB6NNENGTCmFDzS5S_xK3XnY)","(utc_timestamp, 1623688578000)","(timezone_offset, -14400000)","(capture_timestamp, 1623674178000)","(month_random_timestamp, 0)","(type, 1)","(is_deleted, 0)","(is_vr, 0)","(has_local, 1)","(is_hidden, 0)","(composition_type, None)","(partial_backup_downloaded, 0)","(oem_special_type, None)","(is_archived, 0)","(is_favorite, 0)","(in_camera_folder, 1)","(in_primary_storage, 1)","(overlay_type, 1400)","(min_upload_utc_timestamp, 0)","(date_header_utc_timestamp, None)","(trash_timestamp, None)","(location_type, 1)","(canonical_media_key, None)","(canonical_content_version, None)"
"(PID, com.google.android.apps.photos)","(DN, gphotos0.db)","(DP, /home/kali/Desktop/RA/Heisenberg Android/Dump/data_mirror/data_ce/null/0/com.google.android.apps.photos/databases/gphotos0.db)","(TN, media)","(RL, 44)","(_id, 218)","(dedup_key, CJNOZ3IpgJn5OP3F-e6o4MEmiB8)","(utc_timestamp, 1623778998000)","(timezone_offset, -14400000)","(capture_timestamp, 1623764598000)","(month_random_timestamp, 0)","(type, 1)","(is_deleted, 0)","(is_vr, 0)","(has_local, 1)","(is_hidden, 0)","(composition_type, None)","(partial_backup_downloaded, 0)","(oem_special_type, None)","(is_archived, 0)","(is_favorite, 0)","(in_camera_folder, 1)","(in_primary_storage, 1)","(overlay_type, 1400)","(min_upload_utc_timestamp, 0)","(date_header_utc_timestamp, None)","(trash_timestamp, None)","(location_type, 1)","(canonical_media_key, None)","(canonical_content_version, None)"
"(PID, com.google.android.apps.photos)","(DN, gphotos0.db)","(DP, /home/kali/Desktop/RA/Heisenberg Android/Dump/data_mirror/data_ce/null/0/com.google.android.apps.photos/databases/gphotos0.db)","(TN, media)","(RL, 45)","(_id, 220)","(dedup_key, tNM5qpq5vGvyTJHFK6rVWpgG8NE)","(utc_timestamp, 1623991410000)","(timezone_offset, -14400000)","(capture_timestamp, 1623977010000)","(month_random_timestamp, 0)","(type, 1)","(is_deleted, 0)","(is_vr, 0)","(has_local, 1)","(is_hidden, 0)","(composition_type, None)","(partial_backup_downloaded, 0)","(oem_special_type, None)","(is_archived, 0)","(is_favorite, 0)","(in_camera_folder, 1)","(in_primary_storage, 1)","(overlay_type, 100)","(min_upload_utc_timestamp, 0)","(date_header_utc_timestamp, None)","(trash_timestamp, None)","(location_type, 2)","(canonical_media_key, None)","(canonical_content_version, None)"
"(PID, com.google.android.apps.photos)","(DN, gphotos0.db)","(DP, /home/kali/Desktop/RA/Heisenberg Android/Dump/data_mirror/data_ce/null/0/com.google.android.apps.photos/databases/gphotos0.db)","(TN, media)","(RL, 46)","(_id, 221)","(dedup_key, DW_OHf7frtaTv1KtnyU-s3yA1xI)","(utc_timestamp, 1623991378000)","(timezone_offset, -14400000)","(capture_timestamp, 1623976978000)","(month_random_timestamp, 0)","(type, 1)","(is_deleted, 0)","(is_vr, 0)","(has_local, 1)","(is_hidden, 0)","(composition_type, None)","(partial_backup_downloaded, 0)","(oem_special_type, None)","(is_archived, 0)","(is_favorite, 0)","(in_camera_folder, 1)","(in_primary_storage, 1)","(overlay_type, 100)","(min_upload_utc_timestamp, 0)","(date_header_utc_timestamp, None)","(trash_timestamp, None)","(location_type, 2)","(canonical_media_key, None)","(canonical_content_version, None)"
"(PID, com.google.android.apps.photos)","(DN, gphotos0.db)","(DP, /home/kali/Desktop/RA/Heisenberg Android/Dump/data_mirror/data_ce/null/0/com.google.android.apps.photos/databases/gphotos0.db)","(TN, media)","(RL, 47)","(_id, 224)","(dedup_key, pDFSDrpPLcjeKk6AQXNNkZ9-iY0)","(utc_timestamp, 1625205230000)","(timezone_offset, -14400000)","(capture_timestamp, 1625190830000)","(month_random_timestamp, 0)","(type, 1)","(is_deleted, 0)","(is_vr, 0)","(has_local, 1)","(is_hidden, 0)","(composition_type, None)","(partial_backup_downloaded, 0)","(oem_special_type, None)","(is_archived, 0)","(is_favorite, 0)","(in_camera_folder, 1)","(in_primary_storage, 1)","(overlay_type, 1400)","(min_upload_utc_timestamp, 0)","(date_header_utc_timestamp, None)","(trash_timestamp, None)","(location_type, 1)","(canonical_media_key, None)","(canonical_content_version, None)"
"(PID, com.google.android.apps.photos)","(DN, gphotos0.db)","(DP, /home/kali/Desktop/RA/Heisenberg Android/Dump/data_mirror/data_ce/null/0/com.google.android.apps.photos/databases/gphotos0.db)","(TN, media)","(RL, 48)","(_id, 226)","(dedup_key, 8tPRd3SBeQgO5CkSal_hrLypekE)","(utc_timestamp, 1625357085000)","(timezone_offset, -14400000)","(capture_timestamp, 1625342685000)","(month_random_timestamp, 0)","(type, 1)","(is_deleted, 0)","(is_vr, 100)","(has_local, 1)","(is_hidden, 0)","(composition_type, None)","(partial_backup_downloaded, 0)","(oem_special_type, None)","(is_archived, 0)","(is_favorite, 0)","(in_camera_folder, 1)","(in_primary_storage, 1)","(overlay_type, 1300)","(min_upload_utc_timestamp, 0)","(date_header_utc_timestamp, None)","(trash_timestamp, None)","(location_type, 2)","(canonical_media_key, None)","(canonical_content_version, None)"
"(PID, com.google.android.apps.photos)","(DN, gphotos0.db)","(DP, /home/kali/Desktop/RA/Heisenberg Android/Dump/data_mirror/data_ce/null/0/com.google.android.apps.photos/databases/gphotos0.db)","(TN, media)","(RL, 49)","(_id, 227)","(dedup_key, iqgrUrpOmpuzgiZiLELKknb3odA)","(utc_timestamp, 1625357080000)","(timezone_offset, -14400000)","(capture_timestamp, 1625342680000)","(month_random_timestamp, 0)","(type, 1)","(is_deleted, 0)","(is_vr, 0)","(has_local, 1)","(is_hidden, 0)","(composition_type, None)","(partial_backup_downloaded, 0)","(oem_special_type, None)","(is_archived, 0)","(is_favorite, 0)","(in_camera_folder, 1)","(in_primary_storage, 1)","(overlay_type, 1400)","(min_upload_utc_timestamp, 0)","(date_header_utc_timestamp, None)","(trash_timestamp, None)","(location_type, 2)","(canonical_media_key, None)","(canonical_content_version, None)"
"(PID, com.google.android.apps.photos)","(DN, gphotos0.db)","(DP, /home/kali/Desktop/RA/Heisenberg Android/Dump/data_mirror/data_ce/null/0/com.google.android.apps.photos/databases/gphotos0.db)","(TN, media)","(RL, 50)","(_id, 228)","(dedup_key, 8_eH2F926_F3I__PqsWC_BZPTvA)","(utc_timestamp, 1625357078000)","(timezone_offset, -14400000)","(capture_timestamp, 1625342678000)","(month_random_timestamp, 0)","(type, 1)","(is_deleted, 0)","(is_vr, 0)","(has_local, 1)","(is_hidden, 0)","(composition_type, None)","(partial_backup_downloaded, 0)","(oem_special_type, None)","(is_archived, 0)","(is_favorite, 0)","(in_camera_folder, 1)","(in_primary_storage, 1)","(overlay_type, 1400)","(min_upload_utc_timestamp, 0)","(date_header_utc_timestamp, None)","(trash_timestamp, None)","(location_type, 2)","(canonical_media_key, None)","(canonical_content_version, None)"
"(PID, com.google.android.apps.photos)","(DN, gphotos0.db)","(DP, /home/kali/Desktop/RA/Heisenberg Android/Dump/data_mirror/data_ce/null/0/com.google.android.apps.photos/databases/gphotos0.db)","(TN, media)","(RL, 51)","(_id, 229)","(dedup_key, jHzkCi9OwQIPYQYYpvxu3BKJ9m4)","(utc_timestamp, 1625357075000)","(timezone_offset, -14400000)","(capture_timestamp, 1625342675000)","(month_random_timestamp, 0)","(type, 1)","(is_deleted, 0)","(is_vr, 0)","(has_local, 1)","(is_hidden, 0)","(composition_type, None)","(partial_backup_downloaded, 0)","(oem_special_type, None)","(is_archived, 0)","(is_favorite, 0)","(in_camera_folder, 1)","(in_primary_storage, 1)","(overlay_type, 1400)","(min_upload_utc_timestamp, 0)","(date_header_utc_timestamp, None)","(trash_timestamp, None)","(location_type, 2)","(canonical_media_key, None)","(canonical_content_version, None)"
"(PID, com.google.android.apps.photos)","(DN, gphotos0.db)","(DP, /home/kali/Desktop/RA/Heisenberg Android/Dump/data_mirror/data_ce/null/0/com.google.android.apps.photos/databases/gphotos0.db)","(TN, media)","(RL, 52)","(_id, 230)","(dedup_key, rNLKEqc9GvdKDkD1hZx6Uegc-UI)","(utc_timestamp, 1625354948000)","(timezone_offset, -14400000)","(capture_timestamp, 1625340548000)","(month_random_timestamp, 0)","(type, 1)","(is_deleted, 0)","(is_vr, 100)","(has_local, 1)","(is_hidden, 0)","(composition_type, None)","(partial_backup_downloaded, 0)","(oem_special_type, None)","(is_archived, 0)","(is_favorite, 0)","(in_camera_folder, 1)","(in_primary_storage, 1)","(overlay_type, 1300)","(min_upload_utc_timestamp, 0)","(date_header_utc_timestamp, None)","(trash_timestamp, None)","(location_type, 2)","(canonical_media_key, None)","(canonical_content_version, None)"
"(PID, com.google.android.apps.photos)","(DN, gphotos0.db)","(DP, /home/kali/Desktop/RA/Heisenberg Android/Dump/data_mirror/data_ce/null/0/com.google.android.apps.photos/databases/gphotos0.db)","(TN, media)","(RL, 53)","(_id, 231)","(dedup_key, WkIKqjY0wXCBcPoV7_TKqSr04tg)","(utc_timestamp, 1625354942000)","(timezone_offset, -14400000)","(capture_timestamp, 1625340542000)","(month_random_timestamp, 0)","(type, 1)","(is_deleted, 0)","(is_vr, 0)","(has_local, 1)","(is_hidden, 0)","(composition_type, None)","(partial_backup_downloaded, 0)","(oem_special_type, None)","(is_archived, 0)","(is_favorite, 0)","(in_camera_folder, 1)","(in_primary_storage, 1)","(overlay_type, 1400)","(min_upload_utc_timestamp, 0)","(date_header_utc_timestamp, None)","(trash_timestamp, None)","(location_type, 2)","(canonical_media_key, None)","(canonical_content_version, None)"
"(PID, com.google.android.apps.photos)","(DN, gphotos0.db)","(DP, /home/kali/Desktop/RA/Heisenberg Android/Dump/data_mirror/data_ce/null/0/com.google.android.apps.photos/databases/gphotos0.db)","(TN, media)","(RL, 54)","(_id, 232)","(dedup_key, w2fKLZW6dxemdXspErL9E1TZcnI)","(utc_timestamp, 1625354919000)","(timezone_offset, -14400000)","(capture_timestamp, 1625340519000)","(month_random_timestamp, 0)","(type, 1)","(is_deleted, 0)","(is_vr, 100)","(has_local, 1)","(is_hidden, 0)","(composition_type, None)","(partial_backup_downloaded, 0)","(oem_special_type, None)","(is_archived, 0)","(is_favorite, 0)","(in_camera_folder, 1)","(in_primary_storage, 1)","(overlay_type, 1300)","(min_upload_utc_timestamp, 0)","(date_header_utc_timestamp, None)","(trash_timestamp, None)","(location_type, 2)","(canonical_media_key, None)","(canonical_content_version, None)"
"(PID, com.google.android.apps.photos)","(DN, gphotos0.db)","(DP, /home/kali/Desktop/RA/Heisenberg Android/Dump/data_mirror/data_ce/null/0/com.google.android.apps.photos/databases/gphotos0.db)","(TN, media)","(RL, 55)","(_id, 233)","(dedup_key, Wh_HJQ73opxaxDm0XYboVtZ5mwQ)","(utc_timestamp, 1625354916000)","(timezone_offset, -14400000)","(capture_timestamp, 1625340516000)","(month_random_timestamp, 0)","(type, 1)","(is_deleted, 0)","(is_vr, 100)","(has_local, 1)","(is_hidden, 0)","(composition_type, None)","(partial_backup_downloaded, 0)","(oem_special_type, None)","(is_archived, 0)","(is_favorite, 0)","(in_camera_folder, 1)","(in_primary_storage, 1)","(overlay_type, 1300)","(min_upload_utc_timestamp, 0)","(date_header_utc_timestamp, None)","(trash_timestamp, None)","(location_type, 2)","(canonical_media_key, None)","(canonical_content_version, None)"
"(PID, com.google.android.apps.photos)","(DN, gphotos0.db)","(DP, /home/kali/Desktop/RA/Heisenberg Android/Dump/data_mirror/data_ce/null/0/com.google.android.apps.photos/databases/gphotos0.db)","(TN, media)","(RL, 56)","(_id, 234)","(dedup_key, 2Km-SqDknodYxcx1kt9BDctn42g)","(utc_timestamp, 1625354910000)","(timezone_offset, -14400000)","(capture_timestamp, 1625340510000)","(month_random_timestamp, 0)","(type, 1)","(is_deleted, 0)","(is_vr, 100)","(has_local, 1)","(is_hidden, 0)","(composition_type, None)","(partial_backup_downloaded, 0)","(oem_special_type, None)","(is_archived, 0)","(is_favorite, 0)","(in_camera_folder, 1)","(in_primary_storage, 1)","(overlay_type, 1300)","(min_upload_utc_timestamp, 0)","(date_header_utc_timestamp, None)","(trash_timestamp, None)","(location_type, 2)","(canonical_media_key, None)","(canonical_content_version, None)"
"(PID, com.google.android.apps.photos)","(DN, gphotos0.db)","(DP, /home/kali/Desktop/RA/Heisenberg Android/Dump/data_mirror/data_ce/null/0/com.google.android.apps.photos/databases/gphotos0.db)","(TN, media)","(RL, 57)","(_id, 235)","(dedup_key, YJMo0yZOnm4fLK8Xsq-RUPZ9e2o)","(utc_timestamp, 1625354902000)","(timezone_offset, -14400000)","(capture_timestamp, 1625340502000)","(month_random_timestamp, 0)","(type, 1)","(is_deleted, 0)","(is_vr, 100)","(has_local, 1)","(is_hidden, 0)","(composition_type, None)","(partial_backup_downloaded, 0)","(oem_special_type, None)","(is_archived, 0)","(is_favorite, 0)","(in_camera_folder, 1)","(in_primary_storage, 1)","(overlay_type, 1300)","(min_upload_utc_timestamp, 0)","(date_header_utc_timestamp, None)","(trash_timestamp, None)","(location_type, 2)","(canonical_media_key, None)","(canonical_content_version, None)"
"(PID, com.google.android.apps.photos)","(DN, gphotos0.db)","(DP, /home/kali/Desktop/RA/Heisenberg Android/Dump/data_mirror/data_ce/null/0/com.google.android.apps.photos/databases/gphotos0.db)","(TN, media)","(RL, 58)","(_id, 236)","(dedup_key, f80iZt6XU7mo6mCZyqDrABks3tA)","(utc_timestamp, 1625354886000)","(timezone_offset, -14400000)","(capture_timestamp, 1625340486000)","(month_random_timestamp, 0)","(type, 1)","(is_deleted, 0)","(is_vr, 100)","(has_local, 1)","(is_hidden, 0)","(composition_type, None)","(partial_backup_downloaded, 0)","(oem_special_type, None)","(is_archived, 0)","(is_favorite, 0)","(in_camera_folder, 1)","(in_primary_storage, 1)","(overlay_type, 1300)","(min_upload_utc_timestamp, 0)","(date_header_utc_timestamp, None)","(trash_timestamp, None)","(location_type, 2)","(canonical_media_key, None)","(canonical_content_version, None)"
"(PID, com.google.android.apps.photos)","(DN, gphotos0.db)","(DP, /home/kali/Desktop/RA/Heisenberg Android/Dump/data_mirror/data_ce/null/0/com.google.android.apps.photos/databases/gphotos0.db)","(TN, media)","(RL, 59)","(_id, 237)","(dedup_key, 4D-2Hw0wEu4HSaMOCdv-o9nuNHk)","(utc_timestamp, 1625354879000)","(timezone_offset, -14400000)","(capture_timestamp, 1625340479000)","(month_random_timestamp, 0)","(type, 1)","(is_deleted, 0)","(is_vr, 0)","(has_local, 1)","(is_hidden, 0)","(composition_type, None)","(partial_backup_downloaded, 0)","(oem_special_type, None)","(is_archived, 0)","(is_favorite, 0)","(in_camera_folder, 1)","(in_primary_storage, 1)","(overlay_type, 1400)","(min_upload_utc_timestamp, 0)","(date_header_utc_timestamp, None)","(trash_timestamp, None)","(location_type, 2)","(canonical_media_key, None)","(canonical_content_version, None)"
"(PID, com.google.android.apps.photos)","(DN, gphotos0.db)","(DP, /home/kali/Desktop/RA/Heisenberg Android/Dump/data_mirror/data_ce/null/0/com.google.android.apps.photos/databases/gphotos0.db)","(TN, media)","(RL, 60)","(_id, 238)","(dedup_key, vinSq5tFXJvN1PQyQ7-hmbMnoD8)","(utc_timestamp, 1625354871000)","(timezone_offset, -14400000)","(capture_timestamp, 1625340471000)","(month_random_timestamp, 0)","(type, 1)","(is_deleted, 0)","(is_vr, 0)","(has_local, 1)","(is_hidden, 0)","(composition_type, None)","(partial_backup_downloaded, 0)","(oem_special_type, None)","(is_archived, 0)","(is_favorite, 0)","(in_camera_folder, 1)","(in_primary_storage, 1)","(overlay_type, 1400)","(min_upload_utc_timestamp, 0)","(date_header_utc_timestamp, None)","(trash_timestamp, None)","(location_type, 2)","(canonical_media_key, None)","(canonical_content_version, None)"
"(PID, com.google.android.apps.photos)","(DN, gphotos0.db)","(DP, /home/kali/Desktop/RA/Heisenberg Android/Dump/data_mirror/data_ce/null/0/com.google.android.apps.photos/databases/gphotos0.db)","(TN, media)","(RL, 61)","(_id, 239)","(dedup_key, qM1m94sxFmKkxKXzDSEP4zGQ_sk)","(utc_timestamp, 1625354857000)","(timezone_offset, -14400000)","(capture_timestamp, 1625340457000)","(month_random_timestamp, 0)","(type, 1)","(is_deleted, 0)","(is_vr, 100)","(has_local, 1)","(is_hidden, 0)","(composition_type, None)","(partial_backup_downloaded, 0)","(oem_special_type, None)","(is_archived, 0)","(is_favorite, 0)","(in_camera_folder, 1)","(in_primary_storage, 1)","(overlay_type, 1300)","(min_upload_utc_timestamp, 0)","(date_header_utc_timestamp, None)","(trash_timestamp, None)","(location_type, 2)","(canonical_media_key, None)","(canonical_content_version, None)"
"(PID, com.google.android.apps.photos)","(DN, gphotos0.db)","(DP, /home/kali/Desktop/RA/Heisenberg Android/Dump/data_mirror/data_ce/null/0/com.google.android.apps.photos/databases/gphotos0.db)","(TN, media)","(RL, 62)","(_id, 254)","(dedup_key, kF-lwkR6ajmM_hTszYZdMPBn3r4)","(utc_timestamp, 1625509726000)","(timezone_offset, -14400000)","(capture_timestamp, 1625495326000)","(month_random_timestamp, 0)","(type, 1)","(is_deleted, 0)","(is_vr, 0)","(has_local, 1)","(is_hidden, 0)","(composition_type, None)","(partial_backup_downloaded, 0)","(oem_special_type, None)","(is_archived, 0)","(is_favorite, 0)","(in_camera_folder, 1)","(in_primary_storage, 1)","(overlay_type, 1400)","(min_upload_utc_timestamp, 0)","(date_header_utc_timestamp, None)","(trash_timestamp, None)","(location_type, 1)","(canonical_media_key, None)","(canonical_content_version, None)"
"(PID, com.google.android.apps.photos)","(DN, gphotos0.db)","(DP, /home/kali/Desktop/RA/Heisenberg Android/Dump/data_mirror/data_ce/null/0/com.google.android.apps.photos/databases/gphotos0.db)","(TN, media)","(RL, 63)","(_id, 255)","(dedup_key, 3BmK3Szldy0JuKTFVIbLSO38cFE)","(utc_timestamp, 1625509672000)","(timezone_offset, -14400000)","(capture_timestamp, 1625495272000)","(month_random_timestamp, 0)","(type, 1)","(is_deleted, 0)","(is_vr, 0)","(has_local, 1)","(is_hidden, 0)","(composition_type, None)","(partial_backup_downloaded, 0)","(oem_special_type, None)","(is_archived, 0)","(is_favorite, 0)","(in_camera_folder, 1)","(in_primary_storage, 1)","(overlay_type, 1400)","(min_upload_utc_timestamp, 0)","(date_header_utc_timestamp, None)","(trash_timestamp, None)","(location_type, 1)","(canonical_media_key, None)","(canonical_content_version, None)"
"(PID, com.google.android.apps.photos)","(DN, gphotos0.db)","(DP, /home/kali/Desktop/RA/Heisenberg Android/Dump/data_mirror/data_ce/null/0/com.google.android.apps.photos/databases/gphotos0.db)","(TN, media)","(RL, 64)","(_id, 258)","(dedup_key, Uuo_RbNFupG1Krbhtkb_cu-8owc)","(utc_timestamp, 1625509736000)","(timezone_offset, -14400000)","(capture_timestamp, 1625495336000)","(month_random_timestamp, 0)","(type, 1)","(is_deleted, 0)","(is_vr, 0)","(has_local, 1)","(is_hidden, 0)","(composition_type, None)","(partial_backup_downloaded, 0)","(oem_special_type, None)","(is_archived, 0)","(is_favorite, 0)","(in_camera_folder, 1)","(in_primary_storage, 1)","(overlay_type, 1400)","(min_upload_utc_timestamp, 0)","(date_header_utc_timestamp, None)","(trash_timestamp, None)","(location_type, 1)","(canonical_media_key, None)","(canonical_content_version, None)"
"(PID, com.google.android.apps.photos)","(DN, gphotos0.db)","(DP, /home/kali/Desktop/RA/Heisenberg Android/Dump/data_mirror/data_ce/null/0/com.google.android.apps.photos/databases/gphotos0.db)","(TN, media)","(RL, 65)","(_id, 260)","(dedup_key, 44kCBC_8eDW3my2Gt-Q7FQx4K98)","(utc_timestamp, 1625509795000)","(timezone_offset, -14400000)","(capture_timestamp, 1625495395000)","(month_random_timestamp, 0)","(type, 1)","(is_deleted, 0)","(is_vr, 0)","(has_local, 1)","(is_hidden, 0)","(composition_type, None)","(partial_backup_downloaded, 0)","(oem_special_type, None)","(is_archived, 0)","(is_favorite, 0)","(in_camera_folder, 1)","(in_primary_storage, 1)","(overlay_type, 1400)","(min_upload_utc_timestamp, 0)","(date_header_utc_timestamp, None)","(trash_timestamp, None)","(location_type, 1)","(canonical_media_key, None)","(canonical_content_version, None)"
"(PID, com.google.android.apps.photos)","(DN, gphotos0.db)","(DP, /home/kali/Desktop/RA/Heisenberg Android/Dump/data_mirror/data_ce/null/0/com.google.android.apps.photos/databases/gphotos0.db)","(TN, media)","(RL, 66)","(_id, 262)","(dedup_key, BYeUWxjXcyFWtt4ap5hfMOshMO0)","(utc_timestamp, 1625509912000)","(timezone_offset, -14400000)","(capture_timestamp, 1625495512000)","(month_random_timestamp, 0)","(type, 1)","(is_deleted, 0)","(is_vr, 0)","(has_local, 1)","(is_hidden, 0)","(composition_type, None)","(partial_backup_downloaded, 0)","(oem_special_type, None)","(is_archived, 0)","(is_favorite, 0)","(in_camera_folder, 1)","(in_primary_storage, 1)","(overlay_type, 1400)","(min_upload_utc_timestamp, 0)","(date_header_utc_timestamp, None)","(trash_timestamp, None)","(location_type, 1)","(canonical_media_key, None)","(canonical_content_version, None)"
"(PID, com.google.android.apps.photos)","(DN, gphotos0.db)","(DP, /home/kali/Desktop/RA/Heisenberg Android/Dump/data_mirror/data_ce/null/0/com.google.android.apps.photos/databases/gphotos0.db)","(TN, media)","(RL, 67)","(_id, 264)","(dedup_key, o-mje6QjGobDTRy8OAFB-BeaYOw)","(utc_timestamp, 1625510119000)","(timezone_offset, -14400000)","(capture_timestamp, 1625495719000)","(month_random_timestamp, 0)","(type, 1)","(is_deleted, 0)","(is_vr, 0)","(has_local, 1)","(is_hidden, 0)","(composition_type, None)","(partial_backup_downloaded, 0)","(oem_special_type, None)","(is_archived, 0)","(is_favorite, 0)","(in_camera_folder, 1)","(in_primary_storage, 1)","(overlay_type, 1400)","(min_upload_utc_timestamp, 0)","(date_header_utc_timestamp, None)","(trash_timestamp, None)","(location_type, 1)","(canonical_media_key, None)","(canonical_content_version, None)"
"(PID, com.google.android.apps.photos)","(DN, gphotos0.db)","(DP, /home/kali/Desktop/RA/Heisenberg Android/Dump/data_mirror/data_ce/null/0/com.google.android.apps.photos/databases/gphotos0.db)","(TN, media)","(RL, 68)","(_id, 265)","(dedup_key, 8j0xLEFo5hMyaRZCN2gxH4f3HuY)","(utc_timestamp, 1625510094000)","(timezone_offset, -14400000)","(capture_timestamp, 1625495694000)","(month_random_timestamp, 0)","(type, 1)","(is_deleted, 0)","(is_vr, 0)","(has_local, 1)","(is_hidden, 0)","(composition_type, None)","(partial_backup_downloaded, 0)","(oem_special_type, None)","(is_archived, 0)","(is_favorite, 0)","(in_camera_folder, 1)","(in_primary_storage, 1)","(overlay_type, 1400)","(min_upload_utc_timestamp, 0)","(date_header_utc_timestamp, None)","(trash_timestamp, None)","(location_type, 1)","(canonical_media_key, None)","(canonical_content_version, None)"
"(PID, com.google.android.apps.photos)","(DN, gphotos0.db)","(DP, /home/kali/Desktop/RA/Heisenberg Android/Dump/data_mirror/data_ce/null/0/com.google.android.apps.photos/databases/gphotos0.db)","(TN, media)","(RL, 69)","(_id, 268)","(dedup_key, 3EDJxySlkn_b6jd7F1dQ82S7sRY)","(utc_timestamp, 1625510133000)","(timezone_offset, -14400000)","(capture_timestamp, 1625495733000)","(month_random_timestamp, 0)","(type, 1)","(is_deleted, 0)","(is_vr, 0)","(has_local, 1)","(is_hidden, 0)","(composition_type, None)","(partial_backup_downloaded, 0)","(oem_special_type, None)","(is_archived, 0)","(is_favorite, 0)","(in_camera_folder, 1)","(in_primary_storage, 1)","(overlay_type, 1400)","(min_upload_utc_timestamp, 0)","(date_header_utc_timestamp, None)","(trash_timestamp, None)","(location_type, 1)","(canonical_media_key, None)","(canonical_content_version, None)"
"(PID, com.google.android.apps.photos)","(DN, gphotos0.db)","(DP, /home/kali/Desktop/RA/Heisenberg Android/Dump/data_mirror/data_ce/null/0/com.google.android.apps.photos/databases/gphotos0.db)","(TN, media)","(RL, 70)","(_id, 270)","(dedup_key, tO9u_EkYrrS9_hHxiSoO0DD6oJw)","(utc_timestamp, 1625716089000)","(timezone_offset, -14400000)","(capture_timestamp, 1625701689000)","(month_random_timestamp, 0)","(type, 1)","(is_deleted, 0)","(is_vr, 0)","(has_local, 1)","(is_hidden, 0)","(composition_type, None)","(partial_backup_downloaded, 0)","(oem_special_type, None)","(is_archived, 0)","(is_favorite, 0)","(in_camera_folder, 1)","(in_primary_storage, 1)","(overlay_type, 1400)","(min_upload_utc_timestamp, 0)","(date_header_utc_timestamp, None)","(trash_timestamp, None)","(location_type, 1)","(canonical_media_key, None)","(canonical_content_version, None)"
"(PID, com.google.android.apps.photos)","(DN, gphotos0.db)","(DP, /home/kali/Desktop/RA/Heisenberg Android/Dump/data_mirror/data_ce/null/0/com.google.android.apps.photos/databases/gphotos0.db)","(TN, media)","(RL, 71)","(_id, 271)","(dedup_key, vudC7CSJlzBUpGaM3oeGzcMij_Q)","(utc_timestamp, 1625699651000)","(timezone_offset, -14400000)","(capture_timestamp, 1625685251000)","(month_random_timestamp, 0)","(type, 1)","(is_deleted, 0)","(is_vr, 0)","(has_local, 1)","(is_hidden, 0)","(composition_type, None)","(partial_backup_downloaded, 0)","(oem_special_type, None)","(is_archived, 0)","(is_favorite, 0)","(in_camera_folder, 1)","(in_primary_storage, 1)","(overlay_type, 1400)","(min_upload_utc_timestamp, 0)","(date_header_utc_timestamp, None)","(trash_timestamp, None)","(location_type, 2)","(canonical_media_key, None)","(canonical_content_version, None)"
"(PID, com.google.android.apps.photos)","(DN, gphotos0.db)","(DP, /home/kali/Desktop/RA/Heisenberg Android/Dump/data_mirror/data_ce/null/0/com.google.android.apps.photos/databases/gphotos0.db)","(TN, media)","(RL, 72)","(_id, 272)","(dedup_key, 1wwdPZycXQYcScnx1kp5rQKCVwU)","(utc_timestamp, 1625699642000)","(timezone_offset, -14400000)","(capture_timestamp, 1625685242000)","(month_random_timestamp, 0)","(type, 1)","(is_deleted, 0)","(is_vr, 0)","(has_local, 1)","(is_hidden, 0)","(composition_type, None)","(partial_backup_downloaded, 0)","(oem_special_type, None)","(is_archived, 0)","(is_favorite, 0)","(in_camera_folder, 1)","(in_primary_storage, 1)","(overlay_type, 1400)","(min_upload_utc_timestamp, 0)","(date_header_utc_timestamp, None)","(trash_timestamp, None)","(location_type, 2)","(canonical_media_key, None)","(canonical_content_version, None)"
"(PID, com.google.android.apps.photos)","(DN, gphotos0.db)","(DP, /home/kali/Desktop/RA/Heisenberg Android/Dump/data_mirror/data_ce/null/0/com.google.android.apps.photos/databases/gphotos0.db)","(TN, media)","(RL, 73)","(_id, 273)","(dedup_key, 1zCqch22jKG0X-ABWt1X5ZYZvJ0)","(utc_timestamp, 1625699639000)","(timezone_offset, -14400000)","(capture_timestamp, 1625685239000)","(month_random_timestamp, 0)","(type, 1)","(is_deleted, 0)","(is_vr, 0)","(has_local, 1)","(is_hidden, 0)","(composition_type, None)","(partial_backup_downloaded, 0)","(oem_special_type, None)","(is_archived, 0)","(is_favorite, 0)","(in_camera_folder, 1)","(in_primary_storage, 1)","(overlay_type, 1400)","(min_upload_utc_timestamp, 0)","(date_header_utc_timestamp, None)","(trash_timestamp, None)","(location_type, 2)","(canonical_media_key, None)","(canonical_content_version, None)"
"(PID, com.google.android.apps.photos)","(DN, gphotos0.db)","(DP, /home/kali/Desktop/RA/Heisenberg Android/Dump/data_mirror/data_ce/null/0/com.google.android.apps.photos/databases/gphotos0.db)","(TN, media)","(RL, 74)","(_id, 274)","(dedup_key, oU_RQa5c5-zpZpvRnfRImeTXJdQ)","(utc_timestamp, 1625699534000)","(timezone_offset, -14400000)","(capture_timestamp, 1625685134000)","(month_random_timestamp, 0)","(type, 1)","(is_deleted, 0)","(is_vr, 0)","(has_local, 1)","(is_hidden, 0)","(composition_type, None)","(partial_backup_downloaded, 0)","(oem_special_type, None)","(is_archived, 0)","(is_favorite, 0)","(in_camera_folder, 1)","(in_primary_storage, 1)","(overlay_type, 1400)","(min_upload_utc_timestamp, 0)","(date_header_utc_timestamp, None)","(trash_timestamp, None)","(location_type, 2)","(canonical_media_key, None)","(canonical_content_version, None)"
"(PID, com.google.android.apps.photos)","(DN, gphotos0.db)","(DP, /home/kali/Desktop/RA/Heisenberg Android/Dump/data_mirror/data_ce/null/0/com.google.android.apps.photos/databases/gphotos0.db)","(TN, media)","(RL, 75)","(_id, 275)","(dedup_key, 8W5YxT_-siAwZatKOiQcKxfFiWc)","(utc_timestamp, 1625699524000)","(timezone_offset, -14400000)","(capture_timestamp, 1625685124000)","(month_random_timestamp, 0)","(type, 1)","(is_deleted, 0)","(is_vr, 0)","(has_local, 1)","(is_hidden, 0)","(composition_type, None)","(partial_backup_downloaded, 0)","(oem_special_type, None)","(is_archived, 0)","(is_favorite, 0)","(in_camera_folder, 1)","(in_primary_storage, 1)","(overlay_type, 1400)","(min_upload_utc_timestamp, 0)","(date_header_utc_timestamp, None)","(trash_timestamp, None)","(location_type, 2)","(canonical_media_key, None)","(canonical_content_version, None)"
"(PID, com.google.android.apps.photos)","(DN, gphotos0.db)","(DP, /home/kali/Desktop/RA/Heisenberg Android/Dump/data_mirror/data_ce/null/0/com.google.android.apps.photos/databases/gphotos0.db)","(TN, media)","(RL, 76)","(_id, 276)","(dedup_key, WrHoIhKwg8qTxV4jjUNK51NNwsM)","(utc_timestamp, 1625699522000)","(timezone_offset, -14400000)","(capture_timestamp, 1625685122000)","(month_random_timestamp, 0)","(type, 1)","(is_deleted, 0)","(is_vr, 0)","(has_local, 1)","(is_hidden, 0)","(composition_type, None)","(partial_backup_downloaded, 0)","(oem_special_type, None)","(is_archived, 0)","(is_favorite, 0)","(in_camera_folder, 1)","(in_primary_storage, 1)","(overlay_type, 1400)","(min_upload_utc_timestamp, 0)","(date_header_utc_timestamp, None)","(trash_timestamp, None)","(location_type, 2)","(canonical_media_key, None)","(canonical_content_version, None)"
"(PID, com.google.android.apps.photos)","(DN, gphotos0.db)","(DP, /home/kali/Desktop/RA/Heisenberg Android/Dump/data_mirror/data_ce/null/0/com.google.android.apps.photos/databases/gphotos0.db)","(TN, media)","(RL, 77)","(_id, 284)","(dedup_key, nPDUrgrQeEYNH8abjvNyrrfJQrI)","(utc_timestamp, 1626807814000)","(timezone_offset, -14400000)","(capture_timestamp, 1626793414000)","(month_random_timestamp, 0)","(type, 2)","(is_deleted, 0)","(is_vr, 0)","(has_local, 1)","(is_hidden, 0)","(composition_type, None)","(partial_backup_downloaded, 0)","(oem_special_type, None)","(is_archived, 0)","(is_favorite, 0)","(in_camera_folder, 1)","(in_primary_storage, 1)","(overlay_type, 400)","(min_upload_utc_timestamp, 0)","(date_header_utc_timestamp, None)","(trash_timestamp, None)","(location_type, 2)","(canonical_media_key, None)","(canonical_content_version, None)"
